,App,Category,Rating,Reviews,Size,Installs,Type,Price,Content Rating,Genres
9511,Ek Bander Ne Kholi Dukan,FAMILY,5.0,10,3.0,10000,Free,0.0,Everyone,Entertainment
10166,FA Player Essentials,SPORTS,5.0,7,68,100,Free,0.0,Everyone,Sports
7895,Dine In CT - Food Delivery,SHOPPING,5.0,4,1.6,1000,Free,0.0,Everyone,Shopping
5118,Eternal Light AG,SOCIAL,5.0,30,13,100,Free,0.0,Teen,Social
6953,BxPort - Bitcoin Bx (Thailand),FINANCE,5.0,4,4.1,50,Free,0.0,Everyone,Finance
5125,Ag Valley Cooperative,BUSINESS,5.0,6,74,500,Free,0.0,Everyone,Business
7896,CT Checkout,FINANCE,5.0,1,8.4,50,Free,0.0,Everyone,Finance
5139,Chenoweth AH,MEDICAL,5.0,1,27,100,Free,0.0,Everyone,Medical
5145,Arrowhead AH App,MEDICAL,5.0,3,28,100,Free,0.0,Everyone,Medical
5148,Kimbrough AH,MEDICAL,5.0,5,28,100,Free,0.0,Everyone,Medical
6863,Bacterial vaginosis Treatment - Sexual disease,HEALTH_AND_FITNESS,5.0,2,5.9,500,Free,0.0,Everyone,Health & Fitness
6861,BV Sridhara Maharaj,FAMILY,5.0,8,2.7,100,Free,0.0,Everyone,Entertainment
6852,BV,COMMUNICATION,5.0,3,1.6,100,Free,0.0,Everyone,Communication
6851,BV Mobile Apps,PRODUCTIVITY,5.0,3,4.8,100,Free,0.0,Everyone,Productivity
5196,AI Today : Artificial Intelligence News & AI 101,NEWS_AND_MAGAZINES,5.0,43,2.3,100,Free,0.0,Everyone,News & Magazines
9503,Pyaar Ek Dhoka,FAMILY,5.0,18,1.3,50,Free,0.0,Everyone,Casual
5108,Lakeside AG Moultrie,LIFESTYLE,5.0,3,8.6,50,Free,0.0,Everyone,Lifestyle
7321,CG Jobs,FAMILY,5.0,8,14,10,Free,0.0,Everyone,Education
6700,Brick Breaker BR,GAME,5.0,7,19,5,Free,0.0,Everyone,Arcade
2533,Zen Leaf,MEDICAL,5.0,1,6.1,100,Free,0.0,Mature 17+,Medical
2527,BP Journal - Blood Pressure Diary,MEDICAL,5.0,6,26,1000,Free,0.0,Everyone,Medical
7131,C B Patel Health Club,HEALTH_AND_FITNESS,5.0,5,14,100,Free,0.0,Everyone,Health & Fitness
7127,CB VIDEO VISION,PHOTOGRAPHY,5.0,13,2.6,100,Free,0.0,Everyone,Photography
7872,CT Cervical Spine,MEDICAL,5.0,5,17,1000,Free,0.0,Everyone,Medical
7122,CB Fit,HEALTH_AND_FITNESS,5.0,1,7.8,10,Free,0.0,Everyone,Health & Fitness
9536,Shabad Gurubani Punjabi mp3 free - Ek Onkar Satnam,FAMILY,5.0,5,64,100,Free,0.0,Everyone,Entertainment
7100,CA Speakers,LIFESTYLE,5.0,12,1.2,100,Paid,0.99,Teen,Lifestyle
7881,CARDIAC CT TECHNIQUE,MEDICAL,5.0,6,17,1000,Free,0.0,Everyone,Medical
9531,Lyrics of Ek Paheli Leela,FAMILY,5.0,4,2.3,500,Free,0.0,Everyone,Entertainment
4988,Easy Hotspot Ad Free,TOOLS,5.0,2,3.3,10,Paid,0.99,Everyone,Tools
9530,Ek Qissa He Quran Se (Qurani Waqiyat),FAMILY,5.0,4,2.0,100,Free,0.0,Everyone,Entertainment
7035,420 BZ Budeze Delivery,MEDICAL,5.0,2,11,100,Free,0.0,Mature 17+,Medical
9518,Asha Ek Hope - ALS/ MND,MEDICAL,5.0,2,11,100,Free,0.0,Everyone,Medical
9517,Ek Vote,PRODUCTIVITY,5.0,43,6.2,500,Free,0.0,Everyone,Productivity
5064,Tafsiir Quraan MP3 Af Soomaali Quraanka Kariimka,LIFESTYLE,5.0,7,3.4,1000,Free,0.0,Everyone,Lifestyle
9512,Hum Ek Hain 2.02,SOCIAL,5.0,2,1.8,10,Free,0.0,Teen,Social
6840,Catholic La Bu Zo Kam,BOOKS_AND_REFERENCE,5.0,23,Varies with device,500,Free,0.0,Everyone,Books & Reference
6823,Barisal University App-BU Face,FAMILY,5.0,100,10,1000,Free,0.0,Everyone,Education
9498,EK Bailey Preaching Conference,EVENTS,5.0,3,30,500,Free,0.0,Everyone,Events
6726,COMSATS BOOK STORE FOR BS(CS),FAMILY,5.0,15,94,50,Free,0.0,Everyone,Education
10297,Story Time FD,FAMILY,5.0,2,4.2,10,Free,0.0,Everyone 10+,Simulation
8018,30WPM Amateur ham radio Koch CW Morse code trainer,FAMILY,5.0,1,3.7,10,Paid,1.49,Everyone,Education
9365,Eh Bee Wallpapers HD,PERSONALIZATION,5.0,4,3.9,100,Free,0.0,Everyone,Personalization
10301,"FD Calculator (EMI, SIP, RD & Loan Eligilibility)",FINANCE,5.0,104,2.3,1000,Free,0.0,Everyone,Finance
4539,R Programing Offline Tutorial,BOOKS_AND_REFERENCE,5.0,4,3.9,1000,Free,0.0,Everyone,Books & Reference
8058,Oraci√≥n CX,LIFESTYLE,5.0,103,3.8,5000,Free,0.0,Everyone,Lifestyle
8063,cx advance call blocker,PERSONALIZATION,5.0,3,3.4,50,Free,0.0,Everyone,Personalization
5263,AJ Blue Icon Pack,PERSONALIZATION,5.0,4,31,50,Paid,0.99,Everyone,Personalization
9341,EG India,LIFESTYLE,5.0,3,4.0,100,Free,0.0,Everyone,Lifestyle
5268,AJ Rafael Music Lessons,FAMILY,5.0,1,8.2,10,Free,0.0,Everyone,Entertainment
2450,Tablet Reminder,MEDICAL,5.0,4,2.5,5,Free,0.0,Everyone,Medical
8102,Cy-Fair VFD EMS Protocols,MEDICAL,5.0,2,20,100,Free,0.0,Everyone 10+,Medical
8104,Cy-Fair Christian Church,LIFESTYLE,5.0,2,9.3,100,Free,0.0,Everyone,Lifestyle
4477,Android P Style Icon Pack,PERSONALIZATION,5.0,1,60,100,Paid,0.99,Everyone,Personalization
6727,BS-Mobile,COMMUNICATION,5.0,1,0.683,50,Free,0.0,Everyone,Communication
5260,AJ Gray Dark Icon Pack,PERSONALIZATION,5.0,2,35,10,Paid,0.99,Everyone,Personalization
8014,Morse Player,FAMILY,5.0,12,2.4,100,Paid,1.99,Everyone,Education
5237,Hey AJ! It's Saturday!,BOOKS_AND_REFERENCE,5.0,12,50,100,Paid,3.99,Everyone,Books & Reference
9496,Master E.K,FAMILY,5.0,90,Varies with device,1000,Free,0.0,Everyone,Education
6816,BU Study,FAMILY,5.0,7,5.6,10,Free,0.0,Everyone,Education
6807,Jabbla BT,TOOLS,5.0,3,0.055,100,Free,0.0,Everyone,Tools
5230,AJ Cam,PHOTOGRAPHY,5.0,44,2.8,100,Free,0.0,Everyone,Photography
10266,Noticias FC Barcelona,NEWS_AND_MAGAZINES,5.0,4,3.1,100,Free,0.0,Everyone,News & Magazines
9455,EJ messenger,COMMUNICATION,5.0,1,25,10,Free,0.0,Teen,Communication
6783,Wifi BT Scanner,FAMILY,5.0,2,1.2,500,Free,0.0,Everyone,Education
9411,NEMA ei,BUSINESS,5.0,4,12,100,Free,0.0,Everyone,Business
5238,Selfie With Champion AJ Style,PHOTOGRAPHY,5.0,2,7.5,500,Free,0.0,Everyone,Photography
9444,"Kolkata News:Anandbazar Patrika,ei samay&AllRating",NEWS_AND_MAGAZINES,5.0,10,5.0,100,Free,0.0,Everyone,News & Magazines
5245,AJ RETAILS,SHOPPING,5.0,9,0.169,10,Free,0.0,Everyone,Shopping
5246,Hey AJ! It's Bedtime!,FAMILY,5.0,1,63,10,Paid,4.99,Everyone,Education
5251,AJ Men's Grooming,LIFESTYLE,5.0,2,22,100,Free,0.0,Everyone,Lifestyle
9427,ei Calc,TOOLS,5.0,2,19,10,Free,0.0,Everyone,Tools
7136,CB News,FAMILY,5.0,7,20,50,Free,0.0,Everyone,Education
7139,CB Register,FAMILY,5.0,1,5.6,10,Free,0.0,Everyone,Entertainment
7865,CT Brain Interpretation,FAMILY,5.0,3,29,500,Free,0.0,Everyone,Education
1038,Mindvalley U Tallinn 2018,EVENTS,5.0,1,21,100,Free,0.0,Everyone,Events
7477,USMLE Step 2 CK Flashcards,FAMILY,5.0,1,40,10,Paid,19.99,Everyone,Education
9659,FAST EO,EVENTS,5.0,1,Varies with device,10,Free,0.0,Everyone,Events
7478,CK Employee Portal,BUSINESS,5.0,7,15,1000,Free,0.0,Everyone,Business
7405,Nur t…ôfsiri 1-ci cild,LIBRARIES_AND_DEMO,5.0,15,1.4,1000,Free,0.0,Everyone,Libraries & Demo
7482,Tic Tac CK,FAMILY,5.0,3,13,10,Free,0.0,Everyone,Puzzle
2477,Basics of Orthopaedics,MEDICAL,5.0,1,5.6,10,Free,0.0,Everyone,Medical
9806,Dr. ES PV Calculator,TOOLS,5.0,19,11,500,Free,0.0,Everyone,Tools
7402,Trovami se ci riesci,GAME,5.0,11,6.1,10,Free,0.0,Everyone,Arcade
7506,CL REPL,TOOLS,5.0,47,17,1000,Free,0.0,Everyone,Tools
9810,ES Billing System (Offline App),PRODUCTIVITY,5.0,1,4.2,100,Free,0.0,Everyone,Productivity
1028,SUMMER SONIC app,EVENTS,5.0,4,61,500,Free,0.0,Everyone,Events
1030,Prosperity,EVENTS,5.0,16,2.3,100,Free,0.0,Everyone,Events
2484,Clinic Doctor EHr,MEDICAL,5.0,2,7.1,5,Free,0.0,Everyone,Medical
2427,Sway Medical,MEDICAL,5.0,3,22,100,Free,0.0,Everyone,Medical
9815,ES Solar,BUSINESS,5.0,3,4.7,100,Free,0.0,Everyone,Business
7418,CJ Gospel Hour,SOCIAL,5.0,7,18,100,Free,0.0,Everyone,Social
7422,CJ'S TIRE AND AUTO INC.,PRODUCTIVITY,5.0,5,11,100,Free,0.0,Everyone,Productivity
7433,The CJ Rubric,HEALTH_AND_FITNESS,5.0,5,43,100,Free,0.0,Everyone,Health & Fitness
2445,Labs on Demand,MEDICAL,5.0,1,22,10,Free,0.0,Everyone,Medical
2452,Galaxies of Hope,MEDICAL,5.0,2,24,50,Free,0.0,Everyone,Medical
2454,KBA-EZ Health Guide,MEDICAL,5.0,4,25,1,Free,0.0,Everyone,Medical
2455,FoothillsVet,MEDICAL,5.0,2,29,50,Free,0.0,Everyone,Medical
2457,PrimeDelivery,MEDICAL,5.0,3,53,10,Free,0.0,Everyone,Medical
2458,You're an Anime,MEDICAL,5.0,2,83,10,Free,0.0,Everyone,Medical
9701,EP Church Annapolis,LIFESTYLE,5.0,2,8.8,100,Free,0.0,Everyone,Lifestyle
9705,EP Radio,FAMILY,5.0,3,0.154,50,Free,0.0,Everyone,Entertainment
9766,ER Assist,PRODUCTIVITY,5.0,3,28,10,Free,0.0,Everyone,Productivity
7444,CJ the REALTOR,BUSINESS,5.0,1,4.2,10,Free,0.0,Everyone,Business
7442,Sir C J New Primary School,FAMILY,5.0,3,9.2,100,Free,0.0,Everyone,Education
2459,Anatomy & Physiology Vocabulary Exam Review App,MEDICAL,5.0,1,4.6,5,Free,0.0,Everyone,Medical
7466,211:CK,GAME,5.0,8,38,10,Paid,0.99,Teen,Arcade
2472,NCLEX Multi-topic Nursing Exam Review-Quiz & notes,MEDICAL,5.0,1,4.2,10,Free,0.0,Everyone,Medical
7435,CJ's Coffee Cafe,TRAVEL_AND_LOCAL,5.0,6,2.4,500,Free,0.0,Everyone,Travel & Local
7377,CI 174 Gray Icon Pack,PERSONALIZATION,5.0,1,46,10,Paid,0.99,Everyone,Personalization
329,Hojiboy Tojiboyev Life Hacks,COMICS,5.0,15,37,1000,Free,0.0,Everyone,Comics
7142,Cb browser,COMMUNICATION,5.0,5,3.7,50,Free,0.0,Everyone,Communication
7514,CL Keyboard - Myanmar Keyboard (No Ads),TOOLS,5.0,24,3.2,5000,Free,0.0,Everyone,Tools
7698,CP Trivia,GAME,5.0,5,12,100,Free,0.0,Everyone,Trivia
7195,CE Smart,TOOLS,5.0,3,29,100,Free,0.0,Everyone,Tools
9899,EU Exit poll,LIFESTYLE,5.0,10,9.4,100,Free,0.0,Everyone,Lifestyle
9911,daskal.eu,FAMILY,5.0,5,15,50,Free,0.0,Everyone,Education
7731,CQ ESPM,BUSINESS,5.0,2,3.4,5,Free,0.0,Everyone,Business
7170,Yazdani Cd Center EllahAbad Official App,FAMILY,5.0,8,3.8,500,Free,0.0,Everyone,Entertainment
7164,CD CHOICE TUBE,FAMILY,5.0,10,5.8,500,Free,0.0,Everyone,Entertainment
7754,CricQuick,SPORTS,5.0,17,1.5,50,Free,0.0,Everyone,Sports
7756,iReadMe,PRODUCTIVITY,5.0,8,22,100,Free,0.0,Everyone,Productivity
7799,Cr Aviation Academy,FAMILY,5.0,7,22,100,Free,0.0,Everyone,Education
7147,CB Heroes,SOCIAL,5.0,5,1.8,5,Free,0.0,Everyone,Social
7805,CR Tracker for Chests,TOOLS,5.0,6,4.5,50,Free,0.0,Everyone,Tools
7842,CS & IT Interview Questions,FAMILY,5.0,43,3.3,1000,Free,0.0,Everyone,Education
7204,TI-84 CE Graphing Calculator Manual TI 84,FAMILY,5.0,1,27,100,Paid,4.99,Everyone,Education
7212,MCQ CE IT,FAMILY,5.0,22,3.6,1000,Free,0.0,Everyone,Education
7697,CP Installer App,BUSINESS,5.0,4,24,100,Free,0.0,Everyone,Business
7320,CG - Chemistry free,FAMILY,5.0,7,2.3,1000,Free,0.0,Everyone,Education
7367,"Startupticker.ch News, Events",NEWS_AND_MAGAZINES,5.0,4,10,100,Free,0.0,Everyone,News & Magazines
7517,CL Notifier,TOOLS,5.0,36,3.2,100,Free,0.0,Teen,Tools
7533,Color CL,LIFESTYLE,5.0,2,1.3,100,Free,0.0,Everyone,Lifestyle
7534,CL Strength,HEALTH_AND_FITNESS,5.0,3,40,50,Free,0.0,Everyone,Health & Fitness
7623,CN Resident,FAMILY,5.0,1,64,100,Free,0.0,Everyone,Entertainment
8861,WPBS-DT,FAMILY,5.0,3,6.3,500,Free,0.0,Everyone,Entertainment
7307,CG FM,FAMILY,5.0,2,6.6,500,Free,0.0,Everyone,Entertainment
7239,CF Life,FAMILY,5.0,4,8.3,100,Free,0.0,Everyone,Education
7291,CG Prints,PHOTOGRAPHY,5.0,1,2.3,100,Free,0.0,Everyone,Photography
7696,Foothills CP,FAMILY,5.0,4,7.8,100,Free,0.0,Teen,Education
7270,CF Townsville,HEALTH_AND_FITNESS,5.0,4,14,100,Free,0.0,Everyone,Health & Fitness
7258,CF,FINANCE,5.0,2,2.0,100,Free,0.0,Everyone,Finance
7245,Overcomers CF - GA,LIFESTYLE,5.0,7,11,100,Free,0.0,Everyone,Lifestyle
7243,Unity CF,LIFESTYLE,5.0,5,8.3,100,Free,0.0,Everyone,Lifestyle
9301,EF Academy,HEALTH_AND_FITNESS,5.0,4,15,50,Free,0.0,Everyone,Health & Fitness
8101,NOMISMA.com.cy by FMW,NEWS_AND_MAGAZINES,5.0,3,Varies with device,100,Free,0.0,Everyone,News & Magazines
4452,P-Home for KLWP,PERSONALIZATION,5.0,4,12,100,Paid,0.99,Everyone,Personalization
6330,HON. B.J. ACS COLLEGE ALE,FAMILY,5.0,3,1.8,100,Free,0.0,Mature 17+,Education
6238,Barbers.BH,LIFESTYLE,5.0,2,6.0,10,Free,0.0,Everyone,Lifestyle
6232,Bh Public School,FAMILY,5.0,2,8.7,10,Free,0.0,Everyone,Education
10629,Florida Wildflowers,FAMILY,5.0,5,69,1000,Free,0.0,Everyone,Education
9008,DW Timer,TOOLS,5.0,9,1.5,100,Free,0.0,Everyone,Tools
5509,Wowkwis aq Ka'qaquj,FAMILY,5.0,1,49,10,Free,0.0,Everyone,Education;Education
9002,DW Security,BUSINESS,5.0,6,15,100,Free,0.0,Everyone,Business
6171,BG Guide,TRAVEL_AND_LOCAL,5.0,3,2.4,100,Free,0.0,Everyone,Travel & Local
654,Speeding Joyride & Car Meet App,DATING,5.0,3,25,100,Free,0.0,Mature 17+,Dating
8572,DM Buddy ¬ª Learn Digital Marketing,FAMILY,5.0,3,1.7,500,Free,0.0,Everyone,Education
6146,ReactNative BG Geolocation,TOOLS,5.0,5,9.1,1000,Free,0.0,Everyone,Tools
10656,Wallpapers FN SCAR H,PERSONALIZATION,5.0,4,9.2,100,Free,0.0,Teen,Personalization
10659,FN,BUSINESS,5.0,14,3.3,50,Free,0.0,Everyone,Business
640,Online Girls Chat Group,DATING,5.0,5,5.0,100,Free,0.0,Mature 17+,Dating
636,Girls Live Talk - Free Text and Video Chat,DATING,5.0,6,5.0,100,Free,0.0,Mature 17+,Dating
5685,Jobs in Canada - Emplois au Canada,BUSINESS,5.0,2,14,1000,Free,0.0,Teen,Business
9010,RETRO Shocked DW-6000,PERSONALIZATION,5.0,13,0.5,100,Paid,1.49,Everyone,Personalization
10621,Florida Beach Wallpapers HD,TRAVEL_AND_LOCAL,5.0,3,12,100,Free,0.0,Everyone,Travel & Local
8526,DL Image Manager,PRODUCTIVITY,5.0,2,1.7,10,Paid,0.99,Everyone,Productivity
6266,BI News,NEWS_AND_MAGAZINES,5.0,22,25,1000,Free,0.0,Everyone,News & Magazines
9061,Cloud DX Connected Health,HEALTH_AND_FITNESS,5.0,6,11,100,Free,0.0,Everyone,Health & Fitness
6275,BI APP,FINANCE,5.0,2,2.7,100,Free,0.0,Everyone,Finance
9056,Santa's Monster Shootout DX,GAME,5.0,4,33,50,Paid,1.99,Teen,Action
9293,EF App,BUSINESS,5.0,8,20,100,Free,0.0,Everyone,Business
8417,D-H Pharmacy,LIFESTYLE,5.0,6,2.3,1000,Free,0.0,Everyone,Lifestyle
5482,meStudying: AP English Lit,FAMILY,5.0,1,0.655,10,Paid,4.99,Everyone,Education
10602,South Florida AA Meetings,LIFESTYLE,5.0,10,21,1000,Free,0.0,Everyone,Lifestyle
8493,PK and DK Audio App,FAMILY,5.0,2,3.9,100,Free,0.0,Everyone,Entertainment
5489,AP Art History Flashcards,FAMILY,5.0,1,96,10,Paid,29.99,Mature 17+,Education
5506,AQ Ria Retail,FAMILY,5.0,4,52,50,Free,0.0,Everyone,Education
5507,Accounting Quiz (AQ) Malaysia,FAMILY,5.0,25,Varies with device,1000,Free,0.0,Everyone,Education
10609,"Trinity Church Deltona, FL",LIFESTYLE,5.0,33,28,500,Free,0.0,Everyone,Lifestyle
10611,"Beacon Baptist Jupiter, FL",LIFESTYLE,5.0,14,2.6,100,Free,0.0,Everyone,Lifestyle
9039,Chronolink DX,FAMILY,5.0,7,73,10,Paid,0.99,Everyone,Puzzle
8966,DV Youth,LIFESTYLE,5.0,5,15,100,Free,0.0,Everyone,Lifestyle
6055,Movement BE,SOCIAL,5.0,20,1.2,100,Free,0.0,Teen,Social
633,Spine- The dating app,DATING,5.0,5,9.3,500,Free,0.0,Teen,Dating
5917,Ra Ga Ba,GAME,5.0,2,20,1,Paid,1.49,Everyone,Arcade
5776,Food-Aw - Order Food Online in Aruba,FOOD_AND_DRINK,5.0,1,24,100,Free,0.0,Everyone,Food & Drink
2262,Super Hearing Secret Voices Recorder PRO,MEDICAL,5.0,3,23,100,Paid,2.99,Everyone,Medical
3957,ADS-B Driver,TOOLS,5.0,2,6.3,100,Paid,1.99,Everyone,Tools
1547,Eternal life,LIBRARIES_AND_DEMO,5.0,26,2.5,1000,Free,0.0,Everyone,Libraries & Demo
5795,Axe Champs! Wars,GAME,5.0,8,25,50,Free,0.0,Everyone,Arcade
8888,Spring flowers theme couleurs d t space,ART_AND_DESIGN,5.0,1,2.9,100,Free,0.0,Everyone,Art & Design
10820,Fr. Daoud Lamei,FAMILY,5.0,22,8.6,1000,Free,0.0,Teen,Education
5966,BC MVA Fines,BOOKS_AND_REFERENCE,5.0,5,7.2,50,Paid,1.75,Everyone,Books & Reference
8874,Dt. Jyothi Srinivas,HEALTH_AND_FITNESS,5.0,18,13,100,Free,0.0,Everyone,Health & Fitness
8869,DT CLOTHINGS,SHOPPING,5.0,1,7.9,10,Free,0.0,Everyone,Shopping
5822,Flippy Axe : Flip The Knife & Axe Simulator,GAME,5.0,7,15,100,Free,0.0,Everyone,Arcade
10837,Fr. Mike Schmitz Audio Teachings,FAMILY,5.0,4,3.6,100,Free,0.0,Everyone,Education
5852,Quran Khmer Offline AY,FAMILY,5.0,41,4.0,1000,Free,0.0,Everyone,Education
5828,A-Y Collection,SHOPPING,5.0,2,2.9,100,Free,0.0,Teen,Shopping
10776,Monster Ride Pro,GAME,5.0,1,24,10,Free,0.0,Everyone,Racing
2271,FHR 5-Tier 2.0,MEDICAL,5.0,2,1.2,500,Paid,2.99,Everyone,Medical
10690,FO Bixby,PERSONALIZATION,5.0,5,0.861,100,Paid,0.99,Everyone,Personalization
10721,Mad Dash Fo' Cash,GAME,5.0,14,16,100,Free,0.0,Everyone,Arcade
8582,Disciple Maker‚Äôs (DM) Lab,FAMILY,5.0,3,4.0,100,Free,0.0,Everyone,Education
8955,DV ASSIST,FAMILY,5.0,1,18,100,Free,0.0,Everyone,Education
10697,Mu.F.O.,GAME,5.0,2,16,1,Paid,0.99,Everyone,Arcade
6045,Helping BD,LIFESTYLE,5.0,15,4.5,100,Free,0.0,Everyone,Lifestyle
6043,Exam Result BD,FAMILY,5.0,2,2.6,500,Free,0.0,Everyone,Education
6030,iCard BD Plus,SOCIAL,5.0,2,2.4,500,Free,0.0,Everyone,Social
615,Awake Dating,DATING,5.0,2,70,100,Free,0.0,Mature 17+,Dating
5996,Railroad Radio Vancouver BC,FAMILY,5.0,4,1.7,100,Free,0.0,Teen,Entertainment
612,American Girls Mobile Numbers,DATING,5.0,5,4.4,1000,Free,0.0,Mature 17+,Dating
10742,GKPB FP Online Church,LIFESTYLE,5.0,32,7.9,1000,Free,0.0,Everyone,Lifestyle
8591,DN Blog,SOCIAL,5.0,20,4.2,10,Free,0.0,Teen,Social
8596,DN Employee,FAMILY,5.0,1,3.8,10,Free,0.0,Everyone,Education
5763,Tozer Devotional -Series 1,BOOKS_AND_REFERENCE,5.0,5,4.3,1000,Free,0.0,Everyone,Books & Reference
8601,DN Calculators,FINANCE,5.0,12,0.775,100,Free,0.0,Everyone,Finance
8411,DH-UFO,FAMILY,5.0,1,59,100,Free,0.0,Everyone,Entertainment
6272,Propel BI APP,BUSINESS,5.0,3,23,100,Free,0.0,Everyone,Business
5450,AP¬Æ Guide,FAMILY,5.0,3,2.1,1000,Free,0.0,Everyone,Education
6604,BP Log lite,LIFESTYLE,5.0,3,1.5,100,Free,0.0,Everyone,Lifestyle
8275,DC N COMPANY ENTERTAINMENT RADIO!,FAMILY,5.0,22,2.2,100,Free,0.0,Mature 17+,Entertainment
8260,"Superheroes, Marvel, DC, Comics, TV, Movies News",COMICS,5.0,34,12,5000,Free,0.0,Everyone,Comics
6467,BM SPM Practice,FAMILY,5.0,6,9.2,1000,Free,0.0,Everyone,Education
9178,i am EB,PHOTOGRAPHY,5.0,1,5.4,10,Free,0.0,Teen,Photography
9188,EB Scanner,PRODUCTIVITY,5.0,9,25,50,Free,0.0,Everyone,Productivity
6484,BM Physiotherapy Clinic,HEALTH_AND_FITNESS,5.0,3,9.3,100,Free,0.0,Everyone,Health & Fitness
6494,BM speed test,TOOLS,5.0,1,3.7,10,Free,0.0,Everyone,Tools
9194,UP EB Bill Payment & Details,SOCIAL,5.0,3,2.4,50,Free,0.0,Teen,Social
8234,DB Pickles,BUSINESS,5.0,5,14,100,Free,0.0,Everyone,Business
8230,DB HOME,LIFESTYLE,5.0,5,3.2,100,Free,0.0,Everyone,Lifestyle
10416,FH School,FAMILY,5.0,4,5.8,100,Free,0.0,Everyone,Education
9218,EB Cash Collections,BUSINESS,5.0,1,4.3,5,Free,0.0,Everyone,Business
10407,Jigsaw Volvo FH 16 Trucks,FAMILY,5.0,5,8.1,1000,Free,0.0,Teen,Puzzle
6605,MI-BP,HEALTH_AND_FITNESS,5.0,1,12,50,Free,0.0,Everyone,Health & Fitness
6422,BL Flowers Digital,SHOPPING,5.0,21,2.5,100,Free,0.0,Everyone,Shopping
9245,EC Calgary,FAMILY,5.0,6,8.1,100,Free,0.0,Teen,Education
9246,Victoria EC,TOOLS,5.0,5,3.8,500,Free,0.0,Everyone,Tools
6646,Bar-B-Q Rib House,FOOD_AND_DRINK,5.0,2,33,50,Free,0.0,Everyone,Food & Drink
9247,EC SPORTS,SPORTS,5.0,1,6.3,10,Free,0.0,Everyone,Sports
9254,EC Fairgrounds,FAMILY,5.0,3,5.5,500,Free,0.0,Everyone,Entertainment
8159,CZ Kompas,TOOLS,5.0,2,3.5,10,Free,0.0,Everyone,Tools
10357,R√≠os de Fe,LIFESTYLE,5.0,141,15,1000,Free,0.0,Everyone,Lifestyle
8146,CZ-Help,BOOKS_AND_REFERENCE,5.0,2,1.4,5,Free,0.0,Everyone,Books & Reference
10349,Santa Fe Thrive,HEALTH_AND_FITNESS,5.0,2,8.3,50,Free,0.0,Everyone,Health & Fitness
10335,Safe Santa Fe,FAMILY,5.0,2,12,1000,Free,0.0,Everyone,Education
9265,EC Mover,GAME,5.0,5,4.6,10,Free,0.0,Everyone,Racing
9282,EF Events,EVENTS,5.0,7,4.4,100,Free,0.0,Teen,Events
9290,EF Forms,BUSINESS,5.0,2,23,50,Free,0.0,Everyone,Business
10326,Comunidad De Fe Minitries,LIFESTYLE,5.0,19,11,500,Free,0.0,Everyone,Lifestyle
8281,DC-014,PHOTOGRAPHY,5.0,3,16,500,Free,0.0,Everyone,Photography
2448,Dermatology Atlas (Colored & Illustrative),MEDICAL,5.0,3,20,100,Free,0.0,Everyone,Medical
10529,FK CLASSIC FOR YOU,BUSINESS,5.0,1,3.5,10,Free,0.0,Everyone,Business
8327,The Divine Feminine App: the DF App,LIFESTYLE,5.0,8,6.7,1000,Free,0.0,Everyone,Lifestyle
9119,chat dz,COMMUNICATION,5.0,8,29,100,Free,0.0,Teen,Communication
6375,Dr Bk Sachin bhai,LIFESTYLE,5.0,19,3.1,1000,Free,0.0,Everyone,Lifestyle
6391,BK Arogyam Task Track,BUSINESS,5.0,8,3.7,100,Free,0.0,Everyone,Business
6372,BK Formula Calculator,TOOLS,5.0,6,11,100,Free,0.0,Everyone,Tools
8379,DG-App,TOOLS,5.0,1,4.5,500,Free,0.0,Everyone,Tools
9089,DYPSOET,FAMILY,5.0,8,7.4,50,Free,0.0,Everyone,Education
6398,BK Gold App,FINANCE,5.0,4,11,50,Free,0.0,Everyone,Finance
8335,DF Glue Board,PARENTING,5.0,1,27,10,Free,0.0,Everyone,Parenting
8391,DG OFF - 100% Free Coupons & Deals,SHOPPING,5.0,1,1.1,10,Free,0.0,Everyone,Shopping
10564,FK Dedinje BGD,SPORTS,5.0,36,2.6,100,Free,0.0,Everyone,Sports
6364,BK Video Status,FAMILY,5.0,13,2.1,100,Free,0.0,Everyone,Entertainment
6363,Read it easy for BK,LIFESTYLE,5.0,1,3.2,50,Free,0.0,Everyone,Lifestyle
8388,Free coupons and vouchers,FINANCE,5.0,4,5.9,100,Free,0.0,Everyone,Finance
8395,DG TV,NEWS_AND_MAGAZINES,5.0,3,5.7,100,Free,0.0,Everyone,News & Magazines
8287,AC DC Power Monitor,LIFESTYLE,5.0,1,1.2,10,Paid,3.04,Everyone,Lifestyle
6342,BJ Foods,BUSINESS,5.0,3,1.5,10,Free,0.0,Everyone,Business
6396,Bk Usha behn,LIFESTYLE,5.0,10,3.0,1000,Free,0.0,Everyone,Lifestyle
8742,DQSalmaan - A fan made App,FAMILY,4.9,707,6.0,10000,Free,0.0,Everyone,Entertainment
8992,DW Audio,FAMILY,4.9,38,5.0,1000,Free,0.0,Everyone,Education
9516,Sai Baba - Sabka Malik Ek,PRODUCTIVITY,4.9,42,38,1000,Free,0.0,Everyone,Productivity
9253,EC Tax,FINANCE,4.9,8,3.1,500,Free,0.0,Everyone,Finance
4190,H*nest Meditation,LIFESTYLE,4.9,145,48,5000,Paid,1.99,Mature 17+,Lifestyle
712,"Learn Japanese, Korean, Chinese Offline & Free",EDUCATION,4.9,133136,26,1000000,Free,0.0,Everyone,Education;Education
8824,DS,FAMILY,4.9,15,23,100,Free,0.0,Everyone,Casual
8099,Doctor Finder CY,MEDICAL,4.9,57,6.1,1000,Free,0.0,Everyone,Medical
9528,Sanu Ek Pal Chain Song Videos - RAID Movie Songs,FAMILY,4.9,11,4.3,5000,Free,0.0,Everyone,Entertainment
3933,Hungry Hearts Diner: A Tale of Star-Crossed Souls,FAMILY,4.9,46253,56,500000,Free,0.0,Everyone 10+,Simulation
4359,M+,NEWS_AND_MAGAZINES,4.9,198,9.1,10000,Free,0.0,Everyone,News & Magazines
3602,White Noise for Baby,PARENTING,4.9,717,6.6,100000,Free,0.0,Everyone,Parenting
8550,Diabetes mellitus (DM) from zero to hero,MEDICAL,4.9,18,3.0,1000,Free,0.0,Everyone,Medical
9505,Duaa Ek Ibaadat,BOOKS_AND_REFERENCE,4.9,122,26,5000,Free,0.0,Everyone,Books & Reference
8990,News: DW Hausa,NEWS_AND_MAGAZINES,4.9,9,6.3,1000,Free,0.0,Everyone,News & Magazines
9500,Ek Onkar,FAMILY,4.9,107,18,10000,Free,0.0,Everyone,Entertainment
7638,Aquarium Co-Op Podcast,LIFESTYLE,4.9,206,3.9,1000,Free,0.0,Everyone,Lifestyle
9128,Tuberculose Dz,MEDICAL,4.9,26,6.1,1000,Free,0.0,Everyone,Medical
9073,KPS CHAUHAN DY/DX,FAMILY,4.9,37,10,100,Free,0.0,Everyone,Education
8256,DC Comics Amino,SOCIAL,4.9,117,63,1000,Free,0.0,Teen,Social
9625,JW Library,BOOKS_AND_REFERENCE,4.9,922752,Varies with device,10000000,Free,0.0,Everyone,Books & Reference
851,Sago Mini Hat Maker,EDUCATION,4.9,11,63,1000,Paid,3.99,Everyone,Education;Pretend Play
8336,DF-Server Mobile,PRODUCTIVITY,4.9,17,76,100,Free,0.0,Everyone,Productivity
9506,Ek Onkar Mantras,LIFESTYLE,4.9,82,5.0,5000,Free,0.0,Everyone,Lifestyle
618,FREE LIVE TALK,DATING,4.9,776,4.9,5000,Free,0.0,Mature 17+,Dating
9507,Alex Fuel Calculator for EK,TOOLS,4.9,19,3.3,500,Free,0.0,Everyone,Tools
4332,EXO-L Amino for EXO Fans,SOCIAL,4.9,5677,67,50000,Free,0.0,Teen,Social
4277,BTS j-hope LINE Launcher theme,PERSONALIZATION,4.9,934,3.8,10000,Free,0.0,Everyone,Personalization
9442,Aaj Bangla: ei samay er khobor,NEWS_AND_MAGAZINES,4.9,34,3.8,1000,Free,0.0,Everyone,News & Magazines
4304,K-Otic Universe,FAMILY,4.9,55,40,1000,Free,0.0,Everyone,Puzzle
4120,MHD F-Series,AUTO_AND_VEHICLES,4.9,73,23,1000,Free,0.0,Everyone,Auto & Vehicles
2344,Period Tracker,MEDICAL,4.9,100082,3.7,1000000,Free,0.0,Everyone,Medical
8157,Wallpaper.cz,PHOTOGRAPHY,4.9,7,2.2,100,Free,0.0,Everyone,Photography
6477,BM Pharmacy,HEALTH_AND_FITNESS,4.9,42,18,1000,Free,0.0,Everyone,Health & Fitness
9978,EV Calculator,TOOLS,4.9,85,19,1000,Free,0.0,Everyone,Tools
6690,Br Shafi,FAMILY,4.9,1288,26,10000,Free,0.0,Everyone,Education
10527,FK ≈Ωeljezniƒçar,SPORTS,4.9,1420,20,10000,Free,0.0,Everyone,Sports
99,"ipsy: Makeup, Beauty, and Tips",BEAUTY,4.9,49790,14,1000000,Free,0.0,Everyone,Beauty
177,eBoox new: Reader for fb2 epub zip books,BOOKS_AND_REFERENCE,4.9,2739,21,50000,Free,0.0,Everyone,Books & Reference
6387,Official Madhuban Murli,LIFESTYLE,4.9,301,25,10000,Free,0.0,Everyone,Lifestyle
4975,Solitaire: Decked Out Ad Free,GAME,4.9,37302,35,500000,Free,0.0,Everyone,Card
6023,Tour BD (Bahir Dar Map),MAPS_AND_NAVIGATION,4.9,49,3.9,100,Free,0.0,Everyone,Maps & Navigation
10087,EY Forensics,FINANCE,4.9,7,3.4,1000,Free,0.0,Everyone,Finance
10552,FK Crvena zvezda,SPORTS,4.9,1211,15,10000,Free,0.0,Everyone,Sports
6048,BD Internet Package Activator,NEWS_AND_MAGAZINES,4.9,13,2.3,100,Free,0.0,Everyone,News & Magazines
1833,The Room: Old Sins,GAME,4.9,21119,48,100000,Paid,4.99,Everyone,Puzzle
7000,PixPanda - Color by Number Pixel Art Coloring Book,FAMILY,4.9,55723,14,1000000,Free,0.0,Everyone,Entertainment
6052,Be My Eyes - Helping the blind,LIFESTYLE,4.9,8418,21,500000,Free,0.0,Everyone,Lifestyle
10556,FK ≈Ωeljezniƒçar Izzy,FAMILY,4.9,119,17,1000,Free,0.0,Everyone,Entertainment
6155,BG Future School,FAMILY,4.9,16,10,100,Free,0.0,Everyone,Education
6279,Business Intelligence & Data,FAMILY,4.9,7,3.5,1000,Free,0.0,Everyone,Education
10306,FD VR Music Videos - MTV Pop and Rap in 360,FAMILY,4.9,15,26,1000,Free,0.0,Everyone,Entertainment
79,Tickets + PDA 2018 Exam,AUTO_AND_VEHICLES,4.9,197136,38,1000000,Free,0.0,Everyone,Auto & Vehicles
10254,FC Porto,SPORTS,4.9,15883,21,100000,Free,0.0,Everyone,Sports
55,Tickets SDA 2018 and Exam from the State Traffic Safety Inspectorate with Drom.ru,AUTO_AND_VEHICLES,4.9,10479,33,100000,Free,0.0,Everyone,Auto & Vehicles
10258,Burnley FC,SPORTS,4.9,195,29,5000,Free,0.0,Everyone,Sports
6270,Sisense Mobile BI,BUSINESS,4.9,23,28,1000,Free,0.0,Everyone,Business
61,CDL Practice Test 2018 Edition,AUTO_AND_VEHICLES,4.9,7774,17,100000,Free,0.0,Everyone,Auto & Vehicles
10597,Canvas FL,FAMILY,4.9,36,9.4,1000,Free,0.0,Teen,Education
1260,Six Pack in 30 Days - Abs Workout,HEALTH_AND_FITNESS,4.9,272337,13,10000000,Free,0.0,Everyone,Health & Fitness
6786,BT Church,LIFESTYLE,4.9,26,8.4,1000,Free,0.0,Teen,Lifestyle
64,DMV Permit Practice Test 2018 Edition,AUTO_AND_VEHICLES,4.9,6090,27,100000,Free,0.0,Everyone,Auto & Vehicles
1258,Lose Belly Fat in 30 Days - Flat Stomach,HEALTH_AND_FITNESS,4.9,38098,11,5000000,Free,0.0,Everyone,Health & Fitness
10280,Las Vegas Lights FC,SPORTS,4.9,10,14,500,Free,0.0,Everyone,Sports
6686,Br Browser,SOCIAL,4.9,29,2.5,500,Free,0.0,Everyone,Social
10016,Eddsworld Amino,SOCIAL,4.9,3071,63,10000,Free,0.0,Teen,Social
5308,AK Lodi Films,VIDEO_PLAYERS,4.9,23,2.1,100,Free,0.0,Everyone,Video Players & Editors
1336,Down Dog: Great Yoga Anywhere,HEALTH_AND_FITNESS,4.9,28945,12,500000,Free,0.0,Teen,Health & Fitness
7354,Legit Check App by Ch Daniel,LIFESTYLE,4.9,66,8.1,1000,Free,0.0,Everyone,Lifestyle
9828,√âgalit√© et R√©conciliation,NEWS_AND_MAGAZINES,4.9,58,3.8,500,Paid,2.99,Everyone,News & Magazines
10801,Fr Ignacio Outreach,FAMILY,4.9,52,19,1000,Free,0.0,Everyone,Education
5931,Sufara.ba,FAMILY,4.9,285,25,10000,Free,0.0,Everyone,Education
6495,Word Hunt,GAME,4.9,59,21,500,Free,0.0,Everyone,Word
6455,Business Mitra (BM),BUSINESS,4.9,13,5.3,100,Free,0.0,Everyone,Business
6459,BatControl Pro,TOOLS,4.9,83,3.1,500,Paid,3.99,Everyone,Tools
6462,"Borneo Bible, BM Bible",BOOKS_AND_REFERENCE,4.9,659,5.0,10000,Free,0.0,Everyone,Books & Reference
1019,Mummatikabalkuragi,EVENTS,4.9,69,0.334,1000,Free,0.0,Teen,Events
7336,FAV KWGT,PERSONALIZATION,4.9,88,66,1000,Paid,0.99,Everyone,Personalization
6441,BL Taxi,MAPS_AND_NAVIGATION,4.9,124,3.4,1000,Free,0.0,Everyone,Maps & Navigation
1307,StrongLifts 5x5 Workout Gym Log & Personal Trainer,HEALTH_AND_FITNESS,4.9,66791,10,1000000,Free,0.0,Everyone,Health & Fitness
9702,EP Horlogerie,LIFESTYLE,4.9,18,24,1000,Free,0.0,Everyone,Lifestyle
2475,Pediatric Nursing,MEDICAL,4.9,14,7.0,100,Free,0.0,Everyone,Medical
10363,FG On-The-Go,TOOLS,4.9,55,25,1000,Free,0.0,Everyone,Tools
2464,VetCode,MEDICAL,4.9,28,5.7,5000,Free,0.0,Everyone,Medical
5403,AO/OTA Fracture Classification,MEDICAL,4.9,25,46,5000,Free,0.0,Everyone,Medical
10412,FH App,BUSINESS,4.9,27,6.0,100,Free,0.0,Everyone,Business
1435,Prana Breath: Calm & Meditate,HEALTH_AND_FITNESS,4.8,31665,8.4,1000000,Free,0.0,Everyone,Health & Fitness
707,English Grammar Test,EDUCATION,4.8,4075,5.1,500000,Free,0.0,Everyone,Education
6474,Mobilight-BM,FINANCE,4.8,6,6.2,500,Free,0.0,Everyone,Finance
8444,Stop Smoking - EasyQuit free,HEALTH_AND_FITNESS,4.8,39068,4.0,500000,Free,0.0,Everyone,Health & Fitness
688,Online Girls Chat,DATING,4.8,5323,3.5,50000,Free,0.0,Mature 17+,Dating
5470,AP World History: Practice Tests and Flashcards,FAMILY,4.8,21,5.4,5000,Free,0.0,Everyone,Education
6392,BK murli today (Mobile Murli) - Gyan,FAMILY,4.8,100,4.5,5000,Free,0.0,Everyone,Education
6314,The Daily BJ,HEALTH_AND_FITNESS,4.8,38,24,500,Free,0.0,Everyone,Health & Fitness
6362,BK Murli Offline April 2017,LIFESTYLE,4.8,33,2.4,5000,Free,0.0,Everyone,Lifestyle
1360,Period Tracker - Period Calendar Ovulation Tracker,HEALTH_AND_FITNESS,4.8,4559407,Varies with device,100000000,Free,0.0,Everyone,Health & Fitness
1361,Period Tracker Clue: Period and Ovulation Tracker,HEALTH_AND_FITNESS,4.8,570242,20,10000000,Free,0.0,Everyone,Health & Fitness
5424,SofaScore Live Score,SPORTS,4.8,221722,Varies with device,10000000,Free,0.0,Everyone,Sports
6413,Chess of Blades (BL/Yaoi Game) (No VA),FAMILY,4.8,4,23,10,Paid,14.99,Teen,Casual
4293,K.MOJI,FAMILY,4.8,16,8.9,500,Paid,1.99,Everyone,Entertainment
8382,DG Fitness,HEALTH_AND_FITNESS,4.8,6,14,100,Free,0.0,Everyone,Health & Fitness
4292,KPOP Amino for K-Pop Entertainment,SOCIAL,4.8,19047,63,100000,Free,0.0,Teen,Social
6407,WebComics,COMICS,4.8,33783,6.4,1000000,Free,0.0,Teen,Comics
6388,Baba Yaad Hai?(BK's),FAMILY,4.8,160,13,10000,Free,0.0,Everyone,Entertainment
4290,K keyboard - Myanmar,TOOLS,4.8,1955,14,100000,Free,0.0,Everyone,Tools
687,Girls Live Chat - Free Text & Video Chat,DATING,4.8,110,4.9,10000,Free,0.0,Mature 17+,Dating
4834,Space Z üåè üöÄIcon Pack Theme,PERSONALIZATION,4.8,201,68,1000,Paid,1.49,Everyone,Personalization
685,Live Girls Talk - Free Video Chat,DATING,4.8,125,4.7,5000,Free,0.0,Mature 17+,Dating
8710,Faceoff DP Battle App,FAMILY,4.8,38,6.7,1000,Free,0.0,Everyone,Entertainment
6002,BD Briight: Your Diabetes Personal Assistant,MEDICAL,4.8,17,37,5000,Free,0.0,Everyone,Medical
2170,Hactar Go,FAMILY,4.8,97,3.5,1000,Paid,2.99,Everyone,Board;Brain Games
2172,World Racers family board game,FAMILY,4.8,4,42,100,Paid,0.99,Everyone,Board;Pretend Play
4038,"DU Recorder ‚Äì Screen Recorder, Video Editor, Live",VIDEO_PLAYERS,4.8,2588730,9.7,50000000,Free,0.0,Everyone,Video Players & Editors
4029,C BOOK-C PROGRAMS,FAMILY,4.8,138,2.1,10000,Free,0.0,Everyone,Education
4025,C Prowess,FAMILY,4.8,306,3.3,5000,Free,0.0,Everyone,Education
4022,C Functions,FAMILY,4.8,55,1.5,1000,Free,0.0,Everyone,Education
4003,Neon Glow C - Icon Pack,PERSONALIZATION,4.8,557,74,10000,Paid,0.99,Everyone,Personalization
5969,"Town of Princeton, BC",PRODUCTIVITY,4.8,4,31,100,Free,0.0,Everyone,Productivity
3982,Cardi B Wallpaper,ART_AND_DESIGN,4.8,253,3.7,50000,Free,0.0,Everyone,Art & Design
5775,The Pursuit of God,BOOKS_AND_REFERENCE,4.8,6,1.6,1000,Free,0.0,Everyone,Books & Reference
5932,Elif Ba - Learn The Holy Quran,FAMILY,4.8,1491,38,50000,Free,0.0,Everyone,Education
5926,Learn alif ba ta,FAMILY,4.8,23,35,10000,Free,0.0,Everyone,Educational;Education
5815,INTERACTIVE CALCULUS FOR MATHS AND PHYSICS,FAMILY,4.8,53,4.4,1000,Free,0.0,Everyone,Education
2247,Journal Club: Medicine,MEDICAL,4.8,216,Varies with device,10000,Paid,6.99,Everyone,Medical
8843,DS-Students,FAMILY,4.8,5,8.4,100,Free,0.0,Everyone,Education
5895,Az Video Status,FAMILY,4.8,13,6.0,100,Free,0.0,Everyone,Entertainment
5888,Catalyst AZ,FAMILY,4.8,12,8.4,500,Free,0.0,Teen,Education
3903,CompTIA Exam Training,FAMILY,4.8,3053,17,50000,Free,0.0,Everyone,Education
6018,BD Fishpedia,BOOKS_AND_REFERENCE,4.8,123,6.5,1000,Free,0.0,Everyone,Books & Reference
2166,Pino chess,FAMILY,4.8,61,25,1000,Free,0.0,Everyone,Casual;Brain Games
6242,BH Challenge - Museum of the Jewish People,FAMILY,4.8,12,28,1000,Free,0.0,Everyone,Education
6159,BGKontakti Vienna BG Kontakti,SOCIAL,4.8,111,5.9,1000,Free,0.0,Everyone,Social
8459,Video Downloader - for Instagram Repost App,VIDEO_PLAYERS,4.8,332623,4.6,10000000,Free,0.0,Everyone,Video Players & Editors
1647,Nature Sounds,LIFESTYLE,4.8,28588,24,1000000,Free,0.0,Everyone,Lifestyle
8494,dk,FAMILY,4.8,5,1.5,10,Free,0.0,Everyone,Education
8503,DK Murali,SOCIAL,4.8,65,7.1,500,Free,0.0,Teen,Social
1447,"Viva Decora - Decoration, Photos, Architecture, House",HOUSE_AND_HOME,4.8,3167,7.5,100000,Free,0.0,Everyone,House & Home
4073,Eternium,FAMILY,4.8,1506783,89,10000000,Free,0.0,Teen,Role Playing
4310,"K-Spapp, the K-Space app",FAMILY,4.8,39,3.6,1000,Free,0.0,Everyone,Education
6183,Revita.bg,HEALTH_AND_FITNESS,4.8,10,4.0,10,Free,0.0,Everyone,Health & Fitness
6169,BG Metro - Red voznje,TRAVEL_AND_LOCAL,4.8,89,Varies with device,1000,Free,0.0,Everyone,Travel & Local
6144,BG+Phone Backup,PRODUCTIVITY,4.8,16,2.6,1000,Free,0.0,Everyone,Productivity
5649,Undertale AU Amino,SOCIAL,4.8,5369,63,50000,Free,0.0,Teen,Social
6129,BG Products,AUTO_AND_VEHICLES,4.8,4,4.5,500,Free,0.0,Everyone,Auto & Vehicles
6056,Be Stronger,HEALTH_AND_FITNESS,4.8,787,53,1000,Paid,1.99,Everyone,Health & Fitness
5704,Video Player All Format,VIDEO_PLAYERS,4.8,258277,Varies with device,10000000,Free,0.0,Everyone,Video Players & Editors
616,Live Chat - Free Video Chat Rooms,DATING,4.8,20,4.9,500,Free,0.0,Mature 17+,Dating
6046,Best Browser BD social networking,COMMUNICATION,4.8,6,21,10,Free,0.0,Everyone,Communication
614,FREE VIDEO CHAT - LIVE VIDEO AND TEXT CHAT,DATING,4.8,84,4.5,1000,Free,0.0,Mature 17+,Dating
5733,Aw Restaurant,FAMILY,4.8,4,43,100,Free,0.0,Everyone,Casual
6019,BD Attendance,PRODUCTIVITY,4.8,93,14,1000,Free,0.0,Everyone,Productivity
6226,BH Patrole,AUTO_AND_VEHICLES,4.8,27,2.5,500,Free,0.0,Everyone,Auto & Vehicles
5330,Quran for All (Al-Huda Int.),FAMILY,4.8,6696,5.3,100000,Free,0.0,Everyone,Education
4316,Anna.K Tarot,FAMILY,4.8,17,23,100,Paid,3.99,Mature 17+,Entertainment
4714,BTS V Kim Taehyung Wallpapers Kpop HD New,PERSONALIZATION,4.8,51,3.4,5000,Free,0.0,Everyone,Personalization
4695,BTS V LINE Launcher theme,PERSONALIZATION,4.8,3283,3.6,100000,Free,0.0,Everyone,Personalization
7823,CS Interview Questions (TechQ),FAMILY,4.8,33,6.7,5000,Free,0.0,Everyone,Education
7837,DU CS Lectures - Learn to Code for Free,FAMILY,4.8,16,7.8,100,Free,0.0,Everyone,Education
4946,Flud (Ad free),VIDEO_PLAYERS,4.8,5639,Varies with device,10000,Paid,1.49,Everyone,Video Players & Editors
4663,Alarmy (Sleep If U Can) - Pro,LIFESTYLE,4.8,10249,Varies with device,10000,Paid,2.49,Everyone,Lifestyle
7125,Citizens Bank - CB Mobile,FINANCE,4.8,6,11,1000,Free,0.0,Everyone,Finance
7093,CA Speakers Free,LIFESTYLE,4.8,74,2.9,5000,Free,0.0,Teen,Lifestyle
7072,Park Limousine: Realistic Limo Parking Simulator,FAMILY,4.8,4,25,1000,Free,0.0,Everyone,Simulation
7037,BZ Reminder PRO,BUSINESS,4.8,726,5.4,1000,Paid,3.99,Everyone,Business
7889,CT-ART 4.0 (Chess Tactics 1200-2400 ELO),GAME,4.8,8191,Varies with device,100000,Free,0.0,Everyone,Board
7010,Pixyfy: coloring by number coloring book,FAMILY,4.8,22290,13,500000,Free,0.0,Everyone,Puzzle
5066,R–æhi.af,NEWS_AND_MAGAZINES,4.8,46,46,1000,Free,0.0,Everyone,News & Magazines
1820,"Cash, Inc. Money Clicker Game & Business Adventure",GAME,4.8,549720,85,10000000,Free,0.0,Everyone,Simulation
6960,Bitcoin & Cryptocurrency - Bx,FINANCE,4.8,11,3.7,1000,Free,0.0,Everyone,Finance
6930,Fantasy theme dark bw black building,ART_AND_DESIGN,4.8,41,1.9,5000,Free,0.0,Everyone,Art & Design
7899,Radiological Anatomy For FRCR1,MEDICAL,4.8,12,44,100,Paid,6.99,Everyone,Medical
6895,BW-Go,GAME,4.8,265,1.3,1000,Paid,3.49,Everyone,Board
1797,Wordscapes,GAME,4.8,230727,87,10000000,Free,0.0,Everyone,Word
1212,SarashpazPapion (Cooking with Chef Bowls),FOOD_AND_DRINK,4.8,1250,13,50000,Free,0.0,Everyone,Food & Drink
4938,Pocket AC,PHOTOGRAPHY,4.8,130,4.4,1000,Paid,9.99,Everyone,Photography
4895,Abs workout - 21 Day Fitness Challenge,HEALTH_AND_FITNESS,4.8,18604,15,1000000,Free,0.0,Everyone,Health & Fitness
7929,Firefighters First CU,FINANCE,4.8,495,12,5000,Free,0.0,Everyone,Finance
4891,30 Day AB Challenge - Lumowell,HEALTH_AND_FITNESS,4.8,793,40,10000,Free,0.0,Everyone,Health & Fitness
4844,ZArchiver Donate,TOOLS,4.8,1721,Varies with device,10000,Paid,2.5,Everyone,Tools
7398,CI Capital - Dynamic,FINANCE,4.8,4,5.1,50,Free,0.0,Everyone,Finance
1036,Emmabodafestivalen,EVENTS,4.8,12,29,1000,Free,0.0,Everyone 10+,Events
1044,Arab Halls - For Wedding & Events,EVENTS,4.8,28,6.3,1000,Free,0.0,Everyone,Events
7364,Pixxy KWGT,PERSONALIZATION,4.8,60,78,1000,Paid,0.99,Everyone,Personalization
7363,Sermon on Proverbs CH Spurgeon,GAME,4.8,35,3.1,10000,Free,0.0,Everyone,Trivia
4799,PewDiePie's Tuber Simulator,FAMILY,4.8,1499466,96,10000000,Free,0.0,Teen,Casual
7579,cm to inches | centimeters to inches conversion,TOOLS,4.8,52,1.9,5000,Free,0.0,Everyone,Tools
4862,Abs Workout - Burn Belly Fat with No Equipment,HEALTH_AND_FITNESS,4.8,69279,10,10000000,Free,0.0,Everyone,Health & Fitness
4759,X Launcher Pro - IOS Style Theme & Control Center,ART_AND_DESIGN,4.8,1216,8.6,10000,Paid,1.99,Everyone,Art & Design
4866,"Abs, Core & Back Workout Challenge",HEALTH_AND_FITNESS,4.8,3908,33,100000,Free,0.0,Everyone,Health & Fitness
7218,Magana Jari ce Littafi Na Uku : Part 3 of 3,FAMILY,4.8,65,55,5000,Free,0.0,Everyone,Education
1092,"Even - organize your money, get paid early",FINANCE,4.8,12304,21,100000,Free,0.0,Everyone,Finance
7704,ClanPlay: Community and Tools for Gamers,COMMUNICATION,4.8,34443,27,1000000,Free,0.0,Teen,Communication
7707,Cp Calculator for Evolution:GO,FAMILY,4.8,124,2.5,500,Free,0.0,Everyone,Entertainment
7708,Calcy IV,TOOLS,4.8,36557,14,1000000,Free,0.0,Everyone,Tools
4880,"ABS Workout - Belly workout, 30 days AB",HEALTH_AND_FITNESS,4.8,5103,Varies with device,100000,Free,0.0,Everyone,Health & Fitness
4733,IRS W-9 form,BUSINESS,4.8,492,27,10000,Free,0.0,Everyone,Business
6847,Kristian Hla Bu,BOOKS_AND_REFERENCE,4.8,238,27,10000,Free,0.0,Everyone,Books & Reference
6820,sustainability@BU,LIFESTYLE,4.8,10,11,1000,Free,0.0,Everyone,Lifestyle
1268,Home Workout for Men - Bodybuilding,HEALTH_AND_FITNESS,4.8,12705,15,1000000,Free,0.0,Everyone,Health & Fitness
2040,"No. Color - Color by Number, Number Coloring",FAMILY,4.8,269194,6.9,10000000,Free,0.0,Everyone,Entertainment;Brain Games
4483,Materialistic P Wallpapers,PERSONALIZATION,4.8,24,3.6,1000,Free,0.0,Everyone,Personalization
5277,Puppy Shooting an AK-47: Platformer Zombie Game,GAME,4.8,21,89,1000,Free,0.0,Everyone,Arcade
6707,Vlogger Go Viral - Tuber Game,FAMILY,4.8,1304467,68,10000000,Free,0.0,Everyone,Strategy
1274,Sleep Sounds,HEALTH_AND_FITNESS,4.8,51227,28,1000000,Free,0.0,Everyone,Health & Fitness
6691,Dr. B.R.Ambedkar,SOCIAL,4.8,1902,5.2,100000,Free,0.0,Everyone,Social
6680,QR Code Pro,PRODUCTIVITY,4.8,5865,15,100000,Paid,4.49,Everyone,Productivity
5829,AY Sing,BOOKS_AND_REFERENCE,4.8,111,10,5000,Free,0.0,Everyone,Books & Reference
5321,Al Quran (Tafsir & by Word),BOOKS_AND_REFERENCE,4.8,57400,14,500000,Free,0.0,Everyone,Books & Reference
6650,Bar-B-Q Recipes,FOOD_AND_DRINK,4.8,18,3.5,5000,Free,0.0,Everyone,Food & Drink
5323,Al Quran Indonesia,BOOKS_AND_REFERENCE,4.8,445756,16,10000000,Free,0.0,Everyone,Books & Reference
8171,The House of Da Vinci,FAMILY,4.8,12400,Varies with device,100000,Paid,4.99,Everyone,Puzzle
8172,Dan the Man: Action Platformer,GAME,4.8,528550,73,10000000,Free,0.0,Teen,Arcade
4403,Dark Infusion Substratum Theme for Android N & O,PERSONALIZATION,4.8,133,59,1000,Paid,2.49,Everyone,Personalization
4390,Drag'n'Boom,GAME,4.8,133180,54,1000000,Free,0.0,Everyone 10+,Arcade
5339,Koran Read &MP3 30 Juz Offline,BOOKS_AND_REFERENCE,4.8,29551,67,1000000,Free,0.0,Everyone,Books & Reference
8238,DB for Hustle Castle,FAMILY,4.8,21,49,1000,Free,0.0,Everyone,Role Playing
2081,Fuzzy Seasons: Animal Forest,FAMILY,4.8,12137,63,100000,Free,0.0,Everyone 10+,Simulation;Pretend Play
1341,Relax Melodies P: Sleep Sounds,HEALTH_AND_FITNESS,4.8,19543,Varies with device,100000,Paid,2.99,Everyone,Health & Fitness
1267,30 Day Fitness Challenge - Workout at Home,HEALTH_AND_FITNESS,4.8,471036,Varies with device,10000000,Free,0.0,Everyone,Health & Fitness
4615,The T Factor,EVENTS,4.8,48,13,1000,Free,0.0,Everyone,Events
1266,Sportractive GPS Running Cycling Distance Tracker,HEALTH_AND_FITNESS,4.8,48276,7.5,1000000,Free,0.0,Everyone,Health & Fitness
4585,Shopping List S PRO,SHOPPING,4.8,14,2.7,100,Paid,2.49,Everyone,Shopping
6802,Aegis BT,BUSINESS,4.8,16,4.5,500,Free,0.0,Everyone,Business
7993,2 Amateur ham radio CW Morse code practice keys TX,COMMUNICATION,4.8,6,3.5,100,Paid,1.49,Everyone,Communication
848,SoloLearn: Learn to Code for Free,EDUCATION,4.8,256079,7.6,1000000,Free,0.0,Teen,Education
6772,BT Find Address for Bluetooth,BUSINESS,4.8,8,2.6,5000,Free,0.0,Everyone,Business
5244,AJ Player,VIDEO_PLAYERS,4.8,18,1.7,100,Free,0.0,Everyone,Video Players & Editors
7997,CW Beacon for Ham Radio,COMMUNICATION,4.8,10,0.516,100,Paid,1.49,Everyone,Communication
8012,Morse Machine for Ham Radio,COMMUNICATION,4.8,341,9.6,5000,Paid,0.99,Everyone,Communication
5254,AJ Styles HD Wallpapers,ART_AND_DESIGN,4.8,48,25,5000,Free,0.0,Everyone,Art & Design
4556,Day R Premium,FAMILY,4.8,51068,57,100000,Paid,4.99,Teen,Role Playing
5257,AJ Gray Icon Pack,PERSONALIZATION,4.8,5,35,50,Paid,0.99,Everyone,Personalization
1256,Home Workout - No Equipment,HEALTH_AND_FITNESS,4.8,428156,15,10000000,Free,0.0,Everyone,Health & Fitness
4553,R File Manager,TOOLS,4.8,17,6.7,50,Free,0.0,Everyone,Tools
1259,Pedometer - Step Counter Free & Calorie Burner,HEALTH_AND_FITNESS,4.8,31139,6.9,1000000,Free,0.0,Everyone,Health & Fitness
1261,Lose Weight in 30 Days,HEALTH_AND_FITNESS,4.8,220125,11,10000000,Free,0.0,Everyone,Health & Fitness
8077,go41cx,FAMILY,4.8,171,1.0,1000,Paid,10.0,Everyone,Education
8086,Cy-Reader,FAMILY,4.8,17,15,100,Free,0.0,Everyone,Education
4508,Q Avatar Pro,FAMILY,4.8,4,3.6,100,Paid,1.49,Teen,Entertainment
4487,Pixel Oreo/P Dark White AMOLED UI - Icon Pack,PERSONALIZATION,4.8,18,16,5000,Paid,1.49,Everyone,Personalization
8850,dt Pro,FINANCE,4.8,4,4.5,1000,Free,0.0,Everyone,Finance
4883,7 minute abs workout - Daily Ab Workout,HEALTH_AND_FITNESS,4.8,527,23,100000,Free,0.0,Everyone,Health & Fitness
9853,Amino: Communities and Chats,SOCIAL,4.8,1264084,62,10000000,Free,0.0,Teen,Social
3615,Classical music for baby,PARENTING,4.8,1940,38,100000,Free,0.0,Everyone,Parenting;Music & Video
3600,How do I take care of my child?,PARENTING,4.8,190,6.8,100000,Free,0.0,Everyone,Parenting
10767,NFP 2018,EVENTS,4.8,8,16,500,Free,0.0,Everyone,Events
9499,Ek Maratha,SOCIAL,4.8,725,3.7,10000,Free,0.0,Teen,Social
74,Tickets SDA 2019 + Exam RF,AUTO_AND_VEHICLES,4.8,7021,17,500000,Free,0.0,Everyone,Auto & Vehicles
10531,Kernel Manager for Franco Kernel ‚ú®,TOOLS,4.8,12700,10,100000,Paid,3.49,Everyone,Tools
3604,The first year of a baby's life,PARENTING,4.8,7505,9.1,100000,Free,0.0,Everyone,Parenting
10373,FG VOC,BUSINESS,4.8,6,7.7,1000,Free,0.0,Everyone,Business
8915,Du Chinese ‚Äì Mandarin Lessons,FAMILY,4.8,3390,9.2,100000,Free,0.0,Everyone,Education
73,PDD-UA,AUTO_AND_VEHICLES,4.8,736,Varies with device,100000,Free,0.0,Everyone,Auto & Vehicles
3000,The 5th Stand,SPORTS,4.8,1664,17,100000,Free,0.0,Everyone,Sports
291,Tiny Scanner Pro: PDF Doc Scan,BUSINESS,4.8,10295,39,100000,Paid,4.99,Everyone,Business
10637,Gainesville Florida Police Department,LIFESTYLE,4.8,4,15,500,Free,0.0,Everyone,Lifestyle
196,Job Search by ZipRecruiter,BUSINESS,4.8,148945,25,1000000,Free,0.0,Everyone,Business
2303,GoodRx Drug Prices and Coupons,MEDICAL,4.8,59158,11,1000000,Free,0.0,Everyone,Medical
3614,Rainbow - Journal & Activities,PARENTING,4.8,6668,20,100000,Free,0.0,Everyone,Parenting
10245,"Barca News - FC Barcelona, World Foot & Transfers",SPORTS,4.8,160,6.4,10000,Free,0.0,Everyone,Sports
3303,Calculator with Percent (Free),TOOLS,4.8,48211,7.4,1000000,Free,0.0,Everyone,Tools
108,Prom MakeUp Tutorial,BEAUTY,4.8,104,12,10000,Free,0.0,Everyone,Beauty
9295,EF Coach,HEALTH_AND_FITNESS,4.8,17,14,500,Free,0.0,Everyone,Health & Fitness
70,"Fines of the State Traffic Safety Inspectorate are official: inspection, payment of fines",AUTO_AND_VEHICLES,4.8,116986,35,5000000,Free,0.0,Everyone,Auto & Vehicles
3051,Live Tennis Rankings / LTR,SPORTS,4.8,1660,4.7,10000,Free,0.0,Everyone,Sports
2297,Hospitalist Handbook,MEDICAL,4.8,12,18,1000,Paid,19.99,Everyone,Medical
8960,DV 2018 Winners Guide,BOOKS_AND_REFERENCE,4.8,11,0.608,1000,Free,0.0,Everyone,Books & Reference
25,Harley Quinn wallpapers HD,ART_AND_DESIGN,4.8,192,6.0,10000,Free,0.0,Everyone,Art & Design
8995,German Listening,FAMILY,4.8,18298,8.0,500000,Free,0.0,Everyone,Education
10655,Ninja FN Button,FAMILY,4.8,12,12,1000,Free,0.0,Teen,Entertainment
9486,TeamWard ‚Äì live help for LoL,FAMILY,4.8,3136,2.7,100000,Free,0.0,Everyone,Entertainment
10406,Puzzles Volvo FH 16 Trucks,FAMILY,4.8,10,8.2,1000,Free,0.0,Teen,Puzzle
9258,TN Patta /Chitta /EC New,SOCIAL,4.8,5,3.0,100,Free,0.0,Teen,Social
2489,Ovia Fertility Tracker & Ovulation Calculator,MEDICAL,4.8,53747,13,1000000,Free,0.0,Everyone,Medical
10380,POLARIS 2MFG,FAMILY,4.8,1228,29,10000,Free,0.0,Everyone,Education
2358,VitusVet: Pet Health Care App,MEDICAL,4.8,3052,12,100000,Free,0.0,Everyone,Medical
2803,FreePrints ‚Äì Free Photos Delivered,PHOTOGRAPHY,4.8,109500,37,1000000,Free,0.0,Everyone,Photography
9055,Human Dx,MEDICAL,4.8,6,16,500,Free,0.0,Everyone,Medical
10264,My AEK - Official ŒëŒïŒö FC app,SPORTS,4.8,3346,Varies with device,50000,Free,0.0,Everyone,Sports
151,Free Books - Spirit Fanfiction and Stories,BOOKS_AND_REFERENCE,4.8,116507,5.0,1000000,Free,0.0,Teen,Books & Reference
3658,Weather Live Pro,WEATHER,4.8,17493,11,100000,Paid,4.49,Everyone,Weather
2307,Ovia Pregnancy Tracker & Baby Countdown Calendar,MEDICAL,4.8,102858,9.8,1000000,Free,0.0,Everyone,Medical
3629,Live Weather Pro,WEATHER,4.8,892,17,10000,Free,0.0,Everyone,Weather
10833,Chemin (fr),BOOKS_AND_REFERENCE,4.8,44,0.619,1000,Free,0.0,Everyone,Books & Reference
161,ReadEra ‚Äì free ebook reader,BOOKS_AND_REFERENCE,4.8,47303,21,1000000,Free,0.0,Everyone,Books & Reference
9179,EB-Link,BUSINESS,4.8,6,11,100,Free,0.0,Everyone,Business
438,Should I Answer?,COMMUNICATION,4.8,237468,8.8,1000000,Free,0.0,Everyone,Communication
3155,TravelPirates,TRAVEL_AND_LOCAL,4.8,43054,Varies with device,1000000,Free,0.0,Everyone,Travel & Local
3141,"Yoriza Pension - travel, lodging, pension, camping, caravan, pool villas accommodation discount",TRAVEL_AND_LOCAL,4.8,17882,86,1000000,Free,0.0,Everyone,Travel & Local
301,Unicorn Pokez - Color By Number,COMICS,4.8,516,12,50000,Free,0.0,Everyone,Comics;Creativity
2311,Pregnancy Week By Week,MEDICAL,4.8,78825,11,1000000,Free,0.0,Everyone,Medical
3393,OnePlus Icon Pack,PERSONALIZATION,4.8,440,0.92,500000,Free,0.0,Everyone,Personalization
10321,FE Connect,TOOLS,4.8,24,4.5,5000,Free,0.0,Everyone,Tools
3886,Find a Way: Addictive Puzzle,FAMILY,4.8,39480,14,500000,Free,0.0,Everyone,Puzzle
10810,Fr Lupupa Sermons,BUSINESS,4.8,19,21,100,Free,0.0,Everyone,Business
10442,FiSwitch,TOOLS,4.8,615,2.0,10000,Paid,1.99,Everyone,Tools
10298,FD Calculator | Term Deposit | Fixed Deposit,FINANCE,4.8,12,2.7,1000,Free,0.0,Everyone,Finance
3848,GPS Speedometer and Odometer,MAPS_AND_NAVIGATION,4.8,15865,3.3,1000000,Free,0.0,Everyone,Maps & Navigation
3627,Weather forecast,WEATHER,4.8,159455,10,1000000,Free,0.0,Everyone,Weather
9308,ÿ£ÿ≠ÿØÿßÿ´ Ÿàÿ≠ŸÇÿßÿ¶ŸÇ | ÿÆÿ®ÿ± ÿπÿßÿ¨ŸÑ ŸÅŸä ÿßÿÆÿ®ÿßÿ± ÿßŸÑÿπÿßŸÑŸÖ,NEWS_AND_MAGAZINES,4.8,311,14,5000,Free,0.0,Everyone 10+,News & Magazines
9351,Equestria Amino for MLP,SOCIAL,4.8,8369,63,50000,Free,0.0,Teen,Social
9837,Anime et Manga Amino en Fran√ßais,SOCIAL,4.8,3782,63,50000,Free,0.0,Teen,Social
9552,El Falƒ±,FAMILY,4.8,36968,16,1000000,Free,0.0,Everyone,Entertainment
9561,Fernanfloo,GAME,4.8,526595,49,10000000,Free,0.0,Everyone 10+,Arcade
9816,File Manager by Xiaomi: release file storage space,TOOLS,4.8,337532,15,10000000,Free,0.0,Everyone,Tools
2333,Pregnancy Calculator and Tracker app,MEDICAL,4.8,69126,61,1000000,Free,0.0,Everyone,Medical
10566,FK Crvena Zvezda Izzy,TOOLS,4.8,1456,15,50000,Free,0.0,Everyone,Tools
7393,CI Screwed - Icon Pack,PERSONALIZATION,4.7,19,6.4,1000,Free,0.0,Everyone,Personalization
287,Tiny Scanner - PDF Scanner App,BUSINESS,4.7,286897,39,10000000,Free,0.0,Everyone,Business
9770,Open Heart Surgery Hospital ER: Crazy Doctor Sim,FAMILY,4.7,7,25,1000,Free,0.0,Teen,Casual
6442,BL!TZ - Endless,GAME,4.7,21,9.0,100,Free,0.0,Everyone,Arcade
6418,„ÅÇ„Å™„Ç´„É¨„ÄêBL„ÄëÁÑ°Êñô„Ç≤„Éº„É†,FAMILY,4.7,6073,8.5,100000,Free,0.0,Mature 17+,Simulation
9785,ES File Explorer/Manager PRO,PRODUCTIVITY,4.7,81614,6.6,500000,Paid,2.99,Everyone,Productivity
9811,ES Anywhere,BUSINESS,4.7,10,Varies with device,100,Free,0.0,Everyone,Business
9788,ES Disk Analyzer - Storage Space,PRODUCTIVITY,4.7,5867,4.4,100000,Free,0.0,Everyone,Productivity
1898,Zombie Catchers,GAME,4.7,990723,75,10000000,Free,0.0,Everyone,Action
1022,Wipe out,EVENTS,4.7,30,Varies with device,500,Free,0.0,Teen,Events
290,TurboScan: scan documents and receipts in PDF,BUSINESS,4.7,11442,6.8,100000,Paid,4.99,Everyone,Business
107,Ulta Beauty,BEAUTY,4.7,42050,Varies with device,1000000,Free,0.0,Everyone,Beauty
7359,Automagic * Automation,TOOLS,4.7,1947,Varies with device,10000,Paid,3.9,Everyone,Tools
9814,Advanced calculator fx 991 es plus & 991 ms plus,FAMILY,4.7,7252,9.2,500000,Free,0.0,Everyone,Education
3451,"All-In-One Toolbox: Cleaner, Booster, App Manager",PRODUCTIVITY,4.7,536926,Varies with device,10000000,Free,0.0,Everyone,Productivity
1882,Word Search,GAME,4.7,295576,3.9,10000000,Free,0.0,Everyone,Word
7273,"Cystic Fibrosis Symptoms, Doctors & Treatments",HEALTH_AND_FITNESS,4.7,6,9.7,100,Free,0.0,Teen,Health & Fitness
7280,Casa CF,HEALTH_AND_FITNESS,4.7,12,6.3,500,Free,0.0,Everyone,Health & Fitness
1074,Credit Karma,FINANCE,4.7,706301,Varies with device,10000000,Free,0.0,Everyone,Finance
7287,All Info about Cg,FAMILY,4.7,15,4.1,1000,Free,0.0,Teen,Education
9848,Learn Italian with MosaLingua,FAMILY,4.7,1719,Varies with device,50000,Paid,4.99,Teen,Education
1708,Toon Blast,GAME,4.7,1351068,Varies with device,10000000,Free,0.0,Everyone,Puzzle
10459,SCI-FI UI,FAMILY,4.7,15,3.9,100,Paid,1.99,Everyone,Entertainment
7325,BF CG Abstract Pictures,FAMILY,4.7,6,2.5,1000,Free,0.0,Teen,Entertainment
2727,"Shopular: Coupons, Weekly Ads & Shopping Deals",SHOPPING,4.7,57920,Varies with device,1000000,Free,0.0,Everyone,Shopping
1062,IKO,FINANCE,4.7,167168,20,1000000,Free,0.0,Everyone,Finance
7328,"Ultimate Public Campgrounds (Over 37,100 in US&CA)",TRAVEL_AND_LOCAL,4.7,213,6.1,5000,Paid,3.99,Everyone,Travel & Local
1060,Nubank,FINANCE,4.7,130582,24,5000000,Free,0.0,Everyone,Finance
2974,FotMob - Live Soccer Scores,SPORTS,4.7,410384,Varies with device,10000000,Free,0.0,Everyone,Sports
7347,boattheory.ch Full 2018,FAMILY,4.7,54,50,1000,Paid,19.4,Everyone,Education
10484,"FJ Final Join , Circles Game",GAME,4.7,32,24,1000,Free,0.0,Teen,Arcade
5378,DWWW 774 Ultimate AM Radio,NEWS_AND_MAGAZINES,4.7,327,31,10000,Free,0.0,Everyone,News & Magazines
7356,Battery HD Pro,TOOLS,4.7,17861,Varies with device,100000,Paid,3.99,Everyone,Tools
7357,DRAGON QUEST IV,FAMILY,4.7,1647,16,10000,Paid,14.99,Everyone,Role Playing
7420,CJ Camcorder,VIDEO_PLAYERS,4.7,3,2.8,500,Free,0.0,Everyone,Video Players & Editors
7360,FlashLight HD LED Pro,TOOLS,4.7,4928,Varies with device,50000,Paid,2.99,Everyone,Tools
9827,ET Telecom from Economic Times,NEWS_AND_MAGAZINES,4.7,273,6.3,10000,Free,0.0,Everyone,News & Magazines
6450,BeyondMenu Food Delivery,FOOD_AND_DRINK,4.7,51543,Varies with device,1000000,Free,0.0,Everyone,Food & Drink
2491,IHSS Help,MEDICAL,4.7,10,4.3,1000,Free,0.0,Everyone,Medical
2488,Ada - Your Health Guide,MEDICAL,4.7,87418,14,1000000,Free,0.0,Everyone,Medical
4860,Angry Birds Match,FAMILY,4.7,227401,91,5000000,Free,0.0,Everyone,Puzzle
4858,Ultimate Ab & Core Workouts,HEALTH_AND_FITNESS,4.7,55571,12,1000000,Free,0.0,Everyone,Health & Fitness
299,GANMA! - All original stories free of charge for all original comics,COMICS,4.7,57106,27,1000000,Free,0.0,Teen,Comics
7297,CG Freelancer,NEWS_AND_MAGAZINES,4.7,10,2.3,1000,Free,0.0,Everyone,News & Magazines
300,R√∂hrich Werner Soundboard,COMICS,4.7,2249,32,500000,Free,0.0,Everyone,Comics
7608,We Bare Bears Match3 Repairs,FAMILY,4.7,39153,98,1000000,Free,0.0,Everyone,Puzzle
7643,Them Bombs: co-op board game play with 2-4 friends,GAME,4.7,8038,52,100000,Free,0.0,Teen,Board
1951,Once Upon a Tower,GAME,4.7,37139,49,1000000,Free,0.0,Everyone 10+,Action
3498,Loop - Habit Tracker,PRODUCTIVITY,4.7,17955,3.8,1000000,Free,0.0,Everyone,Productivity
4764,X Launcher Prime: With OS Style Theme & No Ads,ART_AND_DESIGN,4.7,149,3.5,1000,Paid,1.99,Everyone,Art & Design
6376,Audio Murli Glossary For BK,FAMILY,4.7,39,20,1000,Free,0.0,Everyone,Education
4771,Anime X Wallpaper,PERSONALIZATION,4.7,32613,3.2,1000000,Free,0.0,Everyone,Personalization
4772,NEW Theme for Phone X,PERSONALIZATION,4.7,8642,3.7,500000,Free,0.0,Everyone,Personalization
7655,Central Bank and Trust Co.,FINANCE,4.7,65,12,5000,Free,0.0,Everyone,Finance
6378,BK Traffic Control cum Chart,SOCIAL,4.7,549,17,10000,Free,0.0,Teen,Social
1940,Soul Knight,GAME,4.7,292164,59,10000000,Free,0.0,Everyone 10+,Action
7588,Cartoon Network Match Land,FAMILY,4.7,21979,38,1000000,Free,0.0,Everyone,Puzzle
1939,CATS: Crash Arena Turbo Stars,GAME,4.7,1559650,Varies with device,50000000,Free,0.0,Everyone,Action
1937,Cover Fire: offline shooting games for free,GAME,4.7,725897,31,10000000,Free,0.0,Teen,Action
6382,BK Shivani Videos,LIFESTYLE,4.7,29,3.2,1000,Free,0.0,Everyone,Lifestyle
4758,iSwipe Phone X,TOOLS,4.7,58366,6.3,1000000,Free,0.0,Everyone,Tools
7659,Holl & Co Barbers,LIFESTYLE,4.7,12,6.0,500,Free,0.0,Everyone,Lifestyle
9758,Super Doctor 2 - My Newborn Baby ER Injection,FAMILY,4.7,54,92,1000,Free,0.0,Teen,Role Playing
4735,B & W Filter for Photo Editor Pro,PERSONALIZATION,4.7,65,7.6,5000,Free,0.0,Everyone,Personalization
1973,Solitaire,GAME,4.7,154264,12,10000000,Free,0.0,Everyone,Card
9576,Narcos: Cartel Wars,FAMILY,4.7,244797,52,5000000,Free,0.0,Teen,Strategy
6323,Cards Casino:Video Poker & BJ,GAME,4.7,325,23,10000,Free,0.0,Teen,Casino
7750,theCut,LIFESTYLE,4.7,499,6.9,50000,Free,0.0,Everyone,Lifestyle
7742,ClanManagerTT2,FAMILY,4.7,55,3.3,1000,Free,0.0,Everyone,Casual
7739,Sabbath School,BOOKS_AND_REFERENCE,4.7,28237,10,100000,Free,0.0,Everyone,Books & Reference
10571,Permit Test FL Florida DHSMV,FAMILY,4.7,246,11,10000,Free,0.0,Everyone,Education
4755,"X Launcher Pro: PhoneX Theme, OS11 Control Center",ART_AND_DESIGN,4.7,801,3.5,5000,Paid,1.99,Everyone,Art & Design
5437,Bubbu ‚Äì My Virtual Pet,FAMILY,4.7,394842,75,10000000,Free,0.0,Everyone,Casual;Pretend Play
6350,BlackJack -21 Casino Card Game,GAME,4.7,2066,25,100000,Free,0.0,Teen,Casino
1677,Bubble Witch 3 Saga,GAME,4.7,1732263,78,50000000,Free,0.0,Everyone,Puzzle
7685,Poke Genie - Safe IV Calculator,TOOLS,4.7,92958,36,1000000,Free,0.0,Everyone,Tools
4749,X Launcher: With OS11 Style Theme & Control Center,ART_AND_DESIGN,4.7,5754,4.4,100000,Free,0.0,Everyone,Art & Design
7561,"Length Converter: convert mm,cm,m, feet,yard,mile",TOOLS,4.7,76,2.2,50000,Free,0.0,Everyone,Tools
7556,Melior NUI - Material CM Theme,PERSONALIZATION,4.7,1873,14,100000,Free,0.0,Everyone,Personalization
7555,Swift Dark CM / CM13 Theme,PERSONALIZATION,4.7,1500,41,10000,Paid,1.99,Everyone,Personalization
322,Faustop Sounds,COMICS,4.7,1677,40,100000,Free,0.0,Everyone,Comics
5401,AO Surgery Reference,MEDICAL,4.7,2570,3.8,100000,Free,0.0,Everyone,Medical
1911,Pixel Art: Color by Number Game,GAME,4.7,1125438,25,10000000,Free,0.0,Everyone,Puzzle
7471,CK Multimedia - Gaming Accessories,SHOPPING,4.7,10,2.0,500,Free,0.0,Everyone,Shopping
4820,Z Champions,GAME,4.7,96028,59,1000000,Free,0.0,Teen,Arcade
1907,Bowmasters,GAME,4.7,1535973,Varies with device,50000000,Free,0.0,Teen,Action
106,Tie - Always be happy,BEAUTY,4.7,964,9.0,50000,Free,0.0,Everyone,Beauty
7552,"Speed Booster - Ram, Battery & Game Speed Booster",TOOLS,4.7,85079,2.8,1000000,Free,0.0,Everyone,Tools
9678,Where's My Water?,FAMILY,4.7,188740,69,1000000,Paid,1.99,Everyone,Puzzle;Brain Games
7461,Louis CK,FAMILY,4.7,244,25,10000,Free,0.0,Mature 17+,Entertainment
7457,Calvin Klein ‚Äì US Store,SHOPPING,4.7,221,9.5,50000,Free,0.0,Teen,Shopping
9712,EP Research Service,BOOKS_AND_REFERENCE,4.7,14,27,1000,Free,0.0,Everyone,Books & Reference
307,Dragon Ball Wallpaper - Ringtones,COMICS,4.7,73,8.3,10000,Free,0.0,Everyone,Comics
9647,The EO Bar,HEALTH_AND_FITNESS,4.7,416,34,10000,Paid,6.99,Everyone,Health & Fitness
2965,Onefootball - Soccer Scores,SPORTS,4.7,911995,20,10000000,Free,0.0,Everyone,Sports
1377,Couch to 5K by RunDouble,HEALTH_AND_FITNESS,4.7,15674,6.1,1000000,Free,0.0,Everyone,Health & Fitness
7491,Fu*** Weather (Funny Weather),WEATHER,4.7,20001,Varies with device,1000000,Free,0.0,Mature 17+,Weather
9639,Learn Top 300 English Words,FAMILY,4.7,61600,3.4,1000000,Free,0.0,Everyone,Education
3481,Content Transfer,PRODUCTIVITY,4.7,19302,7.2,5000000,Free,0.0,Everyone,Productivity
331,"Best Wallpapers Backgrounds(100,000+ 4K HD)",COMICS,4.7,3596,7.8,10000,Free,0.0,Teen,Comics
7523,CL-Phlebotomist,MEDICAL,4.7,19,7.3,100,Free,0.0,Everyone,Medical
7535,CL-App,MEDICAL,4.7,6,5.2,100,Free,0.0,Everyone,Medical
7536,"Security Master - Antivirus, VPN, AppLock, Booster",TOOLS,4.7,24900999,Varies with device,500000000,Free,0.0,Everyone,Tools
7538,CM Launcher 3D Proüíé,PERSONALIZATION,4.7,23802,0.173,100000,Paid,4.99,Everyone,Personalization
2931,"Video Editor Music,Cut,No Crop",PHOTOGRAPHY,4.7,2163282,Varies with device,50000000,Free,0.0,Everyone,Photography
100,Natural recipes for your beauty,BEAUTY,4.7,1150,9.8,100000,Free,0.0,Everyone,Beauty
98,Hush - Beauty for Everyone,BEAUTY,4.7,18900,17,500000,Free,0.0,Everyone,Beauty
5412,Attack the Light,FAMILY,4.7,19209,21,100000,Paid,2.99,Everyone,Role Playing;Action & Adventure
3464,Calculator - unit converter,PRODUCTIVITY,4.7,287250,Varies with device,50000000,Free,0.0,Everyone,Productivity
1343,Simple Habit Meditation,HEALTH_AND_FITNESS,4.7,11689,20,500000,Free,0.0,Everyone,Health & Fitness
3396,"FUN Keyboard ‚Äì Emoji Keyboard, Sticker,Theme & GIF",PERSONALIZATION,4.7,12089,27,500000,Free,0.0,Everyone,Personalization
3301,CALCU‚Ñ¢ Stylish Calculator Free,TOOLS,4.7,152692,11,5000000,Free,0.0,Everyone,Tools
1192,Simple Recipes,FOOD_AND_DRINK,4.7,3803,15,500000,Free,0.0,Everyone,Food & Drink
5335,Al Mayadeen,NEWS_AND_MAGAZINES,4.7,13620,9.0,500000,Free,0.0,Everyone,News & Magazines
10207,Profile Tracker - Who Viewed My Facebook Profile,SOCIAL,4.7,37090,4.8,500000,Free,0.0,Teen,Social
1199,Domino's Pizza USA,FOOD_AND_DRINK,4.7,1032935,Varies with device,10000000,Free,0.0,Everyone,Food & Drink
137,Methods of teeth whitening,BEAUTY,4.7,257,4.6,50000,Free,0.0,Everyone,Beauty
6901,BW-Joseki,GAME,4.7,705,1.8,10000,Free,0.0,Everyone,Board
5332,Ayat - Al Quran,FAMILY,4.7,173394,8.5,5000000,Free,0.0,Everyone,Education
10228,FB Photographie,PHOTOGRAPHY,4.7,37,10,1000,Free,0.0,Everyone,Photography
6886,My Budget Book,FINANCE,4.7,19784,7.3,100000,Paid,2.99,Everyone,Finance
6629,BQ-·àò·åΩ·àê·çç ·âÖ·ã±·à≥·ãä ·å•·ã´·âÑ·ãé·âΩ,GAME,4.7,191,7.2,5000,Free,0.0,Everyone,Trivia
10241,FC Barcelona Official Keyboard,SPORTS,4.7,5229,20,500000,Free,0.0,Everyone,Sports
1214,Recipes Pastries and homemade pies More than 500 recipes for pastries,FOOD_AND_DRINK,4.7,14065,7.1,500000,Free,0.0,Everyone,Food & Drink
5329,Al Quran Audio (Full 30 Juz),FAMILY,4.7,7878,3.6,1000000,Free,0.0,Everyone,Education
5328,Al-Muhaffiz,BOOKS_AND_REFERENCE,4.7,2319,27,50000,Free,0.0,Everyone,Books & Reference
2543,1800 Contacts - Lens Store,MEDICAL,4.7,23160,26,1000000,Free,0.0,Everyone,Medical
6946,Bx Thailand Alert (Bitcoin),FINANCE,4.7,3,8.2,100,Free,0.0,Everyone,Finance
6587,Blood Pressure Log - MyDiary,MEDICAL,4.7,8347,2.6,500000,Free,0.0,Everyone,Medical
6975,Crypto Tracker by BitScreener,FINANCE,4.7,396,12,10000,Free,0.0,Everyone,Finance
6993,Sandbox - Color by Number Coloring Pages,FAMILY,4.7,412744,10,10000000,Free,0.0,Everyone,Entertainment;Creativity
6989,Color by Number ‚Äì New Coloring Book,GAME,4.7,142308,24,5000000,Free,0.0,Everyone 10+,Board
5343,Al-Quran Ahmad Saud Offline,FAMILY,4.7,7116,40,100000,Free,0.0,Everyone,Education
6988,Quadratic Equation Solver with Steps and Graphs,FAMILY,4.7,513,9.8,50000,Free,0.0,Everyone,Education
5342,Hafizi Quran 15 lines per page,BOOKS_AND_REFERENCE,4.7,55011,68,1000000,Free,0.0,Everyone,Books & Reference
6982,"CoinMarketApp - CryptoCurrency Portfolio, News,ICO",FINANCE,4.7,20535,Varies with device,500000,Free,0.0,Everyone,Finance
1813,Cooking Madness - A Chef's Restaurant Games,GAME,4.7,358817,49,10000000,Free,0.0,Everyone,Arcade
6951,BX Mobile TMC for SAP B1,BUSINESS,4.7,3,11,100,Free,0.0,Everyone,Business
1181,Easy Recipes,FOOD_AND_DRINK,4.7,2707,8.9,100000,Free,0.0,Everyone,Food & Drink
1182,Delicious Recipes,FOOD_AND_DRINK,4.7,129737,Varies with device,1000000,Free,0.0,Teen,Food & Drink
1183,Tastely,FOOD_AND_DRINK,4.7,611136,19,10000000,Free,0.0,Everyone,Food & Drink
1184,Pastry & Cooking (Without Net),FOOD_AND_DRINK,4.7,6118,Varies with device,1000000,Free,0.0,Everyone,Food & Drink
5341,Al'Quran Bahasa Indonesia PRO,BOOKS_AND_REFERENCE,4.7,1340,11,10000,Paid,4.49,Everyone,Books & Reference
5340,Al Quran MP3 - Quran Reading¬Æ,FAMILY,4.7,47463,22,1000000,Free,0.0,Everyone,Education
6848,SA HLA BU,BOOKS_AND_REFERENCE,4.7,119,1.5,1000,Free,0.0,Everyone,Books & Reference
5206,ai robot keyboard,PERSONALIZATION,4.7,1891,1.9,100000,Free,0.0,Everyone,Personalization
9859,Offline Maps & Navigation,TRAVEL_AND_LOCAL,4.7,193364,33,5000000,Free,0.0,Everyone,Travel & Local
6825,BU Students' Rep. Council,FAMILY,4.7,38,5.3,500,Free,0.0,Everyone,Education
10288,FD Community FCU Mobile,FINANCE,4.7,175,12,1000,Free,0.0,Everyone,Finance
1280,Calorie Counter - EasyFit free,HEALTH_AND_FITNESS,4.7,50294,11,1000000,Free,0.0,Everyone,Health & Fitness
168,eBoox: book reader fb2 epub zip,BOOKS_AND_REFERENCE,4.7,21336,23,1000000,Free,0.0,Everyone,Books & Reference
3211,Booking.com Travel Deals,TRAVEL_AND_LOCAL,4.7,1830388,Varies with device,100000000,Free,0.0,Everyone,Travel & Local
10303,"EMI, FD, RD - Bank Calculator",FINANCE,4.7,42,3.5,5000,Free,0.0,Everyone,Finance
1769,Woody Puzzle,GAME,4.7,21262,29,1000000,Free,0.0,Everyone,Puzzle
1279,Abs Training-Burn belly fat,HEALTH_AND_FITNESS,4.7,2071,6.9,100000,Free,0.0,Everyone,Health & Fitness
1264,Step Counter - Pedometer Free & Calorie Counter,HEALTH_AND_FITNESS,4.7,117925,7.0,10000000,Free,0.0,Everyone,Health & Fitness
162,NOOK App for NOOK Devices,BOOKS_AND_REFERENCE,4.7,19080,Varies with device,500000,Free,0.0,Everyone,Books & Reference
3162,Where is my Train : Indian Railway & PNR Status,TRAVEL_AND_LOCAL,4.7,620534,9.8,10000000,Free,0.0,Everyone,Travel & Local
156,Offline: English to Tagalog Dictionary,BOOKS_AND_REFERENCE,4.7,967,6.7,500000,Free,0.0,Everyone,Books & Reference
1763,Piano Tiles 2‚Ñ¢,GAME,4.7,8118880,Varies with device,100000000,Free,0.0,Everyone,Arcade
3229,DreamTrips,TRAVEL_AND_LOCAL,4.7,9971,22,500000,Free,0.0,Teen,Travel & Local
6688,Dr B R Ambedkar (Jai Bhim),SOCIAL,4.7,2068,7.5,100000,Free,0.0,Everyone,Social
1297,Keep Trainer - Workout Trainer & Fitness Coach,HEALTH_AND_FITNESS,4.7,14810,Varies with device,1000000,Free,0.0,Everyone,Health & Fitness
5227,Jamaa Amino for Animal Jam,SOCIAL,4.7,3873,63,10000,Free,0.0,Teen,Social
3298,Brightest Flashlight Free ¬Æ,TOOLS,4.7,1335799,3.8,50000000,Free,0.0,Everyone,Tools
3292,Flashlight,TOOLS,4.7,115409,Varies with device,10000000,Free,0.0,Everyone,Tools
6796,Battery Notifier Pro BT,TOOLS,4.7,1363,1.6,10000,Paid,2.59,Everyone,Tools
6781,BT Share It,BUSINESS,4.7,12,13,500,Free,0.0,Everyone,Business
6684,B R Telco FCU Mobile Banking,FINANCE,4.7,413,13,10000,Free,0.0,Everyone,Finance
1290,Running Distance Tracker +,HEALTH_AND_FITNESS,4.7,77777,Varies with device,1000000,Free,0.0,Everyone,Health & Fitness
1779,PLANK!,GAME,4.7,7196,38,500000,Free,0.0,Everyone,Arcade
5315,Alabama Gameday Live,SPORTS,4.7,19,12,1000,Free,0.0,Everyone,Sports
10278,Deportivo Toluca FC,SPORTS,4.7,2317,5.9,50000,Free,0.0,Everyone,Sports
6994,Sandbox Art-Sandbox Color by Number Coloring Pages,FAMILY,4.7,12784,15,1000000,Free,0.0,Everyone,Entertainment
5105,Safe Ag Systems‚Ñ¢,BUSINESS,4.7,3,36,100,Free,0.0,Everyone,Business
5103,All States Ag Parts,SHOPPING,4.7,68,6.5,10000,Free,0.0,Everyone,Shopping
3366,"Color Call - Caller Screen, LED Flash",PERSONALIZATION,4.7,29485,9.9,1000000,Free,0.0,Everyone,Personalization
3365,ZenUI Launcher,PERSONALIZATION,4.7,1141545,15,50000000,Free,0.0,Everyone,Personalization
2526,BELONG Beating Cancer Together,MEDICAL,4.7,623,20,50000,Free,0.0,Teen,Medical
1865,Honkai Impact 3rd,GAME,4.7,59017,82,1000000,Free,0.0,Teen,Action
1863,Idle Heroes,GAME,4.7,416540,99,10000000,Free,0.0,Everyone 10+,Role Playing
1111,"WalletHub - Free Credit Score, Report & Monitoring",FINANCE,4.7,1311,9.3,50000,Free,0.0,Everyone,Finance
10022,Beard Live Camera Photo Editor,BEAUTY,4.7,900,30,5000,Free,0.0,Everyone,Beauty
7134,Football-CB GO Clock Theme,PERSONALIZATION,4.7,26,5.6,1000,Free,0.0,Everyone,Personalization
7132,CB Trader,FINANCE,4.7,11,2.2,1000,Free,0.0,Everyone,Finance
2528,TelaDoc,MEDICAL,4.7,6,13,1000,Free,0.0,Everyone,Medical
1857,Hustle Castle: Fantasy Kingdom,GAME,4.7,584126,64,10000000,Free,0.0,Everyone 10+,Role Playing
4967,Ez Screen Recorder (no ad),VIDEO_PLAYERS,4.7,8696,14,100000,Free,0.0,Everyone,Video Players & Editors
1121,Everlance: Free Mileage Log,FINANCE,4.7,7514,14,100000,Free,0.0,Everyone,Finance
3369,"Emoji Keyboard - Cute Emoji,GIF, Sticker, Emoticon",PERSONALIZATION,4.7,114851,20,10000000,Free,0.0,Everyone,Personalization
4911,AC Troubleshooter,TOOLS,4.7,147,4.2,10000,Free,0.0,Everyone,Tools
9944,PlugShare,MAPS_AND_NAVIGATION,4.7,4501,26,100000,Free,0.0,Teen,Maps & Navigation
7229,Pregnancy Tracker & Countdown to Baby Due Date,PARENTING,4.7,658087,62,10000000,Free,0.0,Everyone,Parenting
3389,"Wallpapers HD, 4K Backgrounds",PERSONALIZATION,4.7,273994,12,10000000,Free,0.0,Everyone,Personalization
1712,Toy Blast,GAME,4.7,1889250,Varies with device,50000000,Free,0.0,Everyone,Puzzle
3386,OnePlus Icon Pack - Square,PERSONALIZATION,4.7,229,1.1,500000,Free,0.0,Everyone,Personalization
9887,CVRIA,BUSINESS,4.7,68,3.5,10000,Free,0.0,Everyone,Business
2994,GollerCepte 1903,SPORTS,4.7,25172,30,500000,Free,0.0,Everyone,Sports
4893,Ab Workouts - Ab Generator,HEALTH_AND_FITNESS,4.7,21,3.8,1000,Free,0.0,Everyone,Health & Fitness
3380,Goku Wallpaper Art,PERSONALIZATION,4.7,6342,38,1000000,Free,0.0,Everyone,Personalization
9921,VAT Checker for EU company,BUSINESS,4.7,78,Varies with device,1000,Free,0.0,Everyone,Business
5349,"Muslim Pro - Prayer Times, Azan, Quran & Qibla",LIFESTYLE,4.7,1133393,Varies with device,10000000,Free,0.0,Everyone,Lifestyle
2998,Lionel Messi Wallpapers,SPORTS,4.7,950,18,100000,Free,0.0,Everyone,Sports
7777,Ultimate Clash Royale Tracker,FAMILY,4.7,92010,5.9,1000000,Free,0.0,Everyone,Strategy
3371,Backgrounds (HD Wallpapers),PERSONALIZATION,4.7,202474,3.0,10000000,Free,0.0,Teen,Personalization
4968,Best Applock - Locker & No Ads,PRODUCTIVITY,4.7,10672,6.9,100000,Free,0.0,Everyone,Productivity
10060,An Elite Warrior Ex,GAME,4.7,15,93,100,Paid,0.99,Everyone,Adventure
6496,Basket Manager 2017 Pro,SPORTS,4.7,163,4.6,1000,Paid,0.99,Everyone,Sports
5345,Quran for Android,BOOKS_AND_REFERENCE,4.7,497826,Varies with device,10000000,Free,0.0,Everyone,Books & Reference
5038,AF Link,NEWS_AND_MAGAZINES,4.7,210,18,10000,Free,0.0,Everyone,News & Magazines
5047,Hesab.af - Send money in Afghanistan,FINANCE,4.7,51,11,1000,Free,0.0,Everyone,Finance
7017,Bingo by IGG: Top Bingo+Slots!,GAME,4.7,183343,20,5000000,Free,0.0,Teen,Casino
5053,Bazar.af,SHOPPING,4.7,13,1.3,500,Free,0.0,Everyone,Shopping
7011,Draw Color by Number - Sandbox Pixel Art,FAMILY,4.7,34279,24,1000000,Free,0.0,Everyone,Casual;Creativity
224,ATI Cargoes and Transportation,BUSINESS,4.7,4162,7.5,100000,Free,0.0,Everyone,Business
7027,UNICORN - Color By Number & Pixel Art Coloring,FAMILY,4.7,8264,24,500000,Free,0.0,Everyone,Art & Design;Creativity
6570,Bo's School Day,FAMILY,4.7,10,30,1000,Paid,2.99,Everyone,Education;Pretend Play
3357,Evie Launcher,PERSONALIZATION,4.7,139258,Varies with device,5000000,Free,0.0,Everyone,Personalization
6997,Color By Number - Sandbox Pixel Coloring Book,FAMILY,4.7,24557,24,1000000,Free,0.0,Everyone,Casual;Creativity
1164,Associated Credit Union Mobile,FINANCE,4.7,3290,12,50000,Free,0.0,Everyone,Finance
5344,12 Step Meditations & Sober Prayers AA NA AL-ANON,LIFESTYLE,4.7,759,15,50000,Free,0.0,Everyone 10+,Lifestyle
10144,EZ-GUI Ground Station,TOOLS,4.7,3696,29,50000,Free,0.0,Everyone,Tools
10098,Ey Sey Storytime ·ûö·ûø·ûÑ·ûì·û∑·ûë·û∂·ûì·ûè·û∂·û•·ûü·û∏,FAMILY,4.7,1327,44,10000,Free,0.0,Everyone,Education;Education
5026,Nasihat - Chalo ae Pyaara,FAMILY,4.7,557,6.7,10000,Free,0.0,Everyone,Education
5348,Surah Al-Waqiah,BOOKS_AND_REFERENCE,4.7,1201,2.9,100000,Free,0.0,Everyone,Books & Reference
10086,EY India Tax Insights,BUSINESS,4.7,87,5.1,10000,Free,0.0,Everyone,Business
10088,EY India CFO Insights,BUSINESS,4.7,37,10,5000,Free,0.0,Everyone,Business
6516,Browsery by Barnes & Noble,BOOKS_AND_REFERENCE,4.7,146,34,5000,Free,0.0,Everyone,Books & Reference
5022,Ae Allah na Dai (Rasa),BOOKS_AND_REFERENCE,4.7,263,9.1,10000,Free,0.0,Everyone,Books & Reference
7031,Voxel - 3D Color by Number & Pixel Coloring Book,GAME,4.7,62561,53,1000000,Free,0.0,Everyone,Board
5025,Event Manager - AllEvents.in,EVENTS,4.7,120,5.1,10000,Free,0.0,Everyone,Events
7043,BZ Conferencing,TOOLS,4.7,7,29,1000,Free,0.0,Everyone,Tools
10092,Fuel Calculator for EY,TOOLS,4.7,32,2.7,1000,Free,0.0,Everyone,Tools
10095,Pink Guy - Ey B0ss,FAMILY,4.7,13,1.2,500,Free,0.0,Everyone,Entertainment
7033,BZ Reminder,BUSINESS,4.7,41625,5.4,1000000,Free,0.0,Everyone,Business
5346,Al Quran Free - ÿßŸÑŸÇÿ±ÿ¢ŸÜ (Islam),BOOKS_AND_REFERENCE,4.7,1777,23,50000,Free,0.0,Everyone,Books & Reference
6301,Bingo Party - Free Bingo Games,GAME,4.7,155694,92,1000000,Free,0.0,Teen,Board
6332,BJ Toys,SHOPPING,4.7,55,8.0,500,Free,0.0,Everyone,Shopping
4711,DRAGON QUEST V,FAMILY,4.7,1667,17,10000,Paid,14.99,Teen,Role Playing
2771,ASOS,SHOPPING,4.7,181798,22,10000000,Free,0.0,Everyone,Shopping
8436,Deck Heroes: Legacy,GAME,4.7,466495,52,10000000,Free,0.0,Teen,Card
706,Learn Spanish - Espa√±ol,EDUCATION,4.7,32346,3.2,1000000,Free,0.0,Everyone,Education
2319,My Calendar - Period Tracker,MEDICAL,4.7,156410,14,5000000,Free,0.0,Everyone,Medical
1606,StyleSeat,LIFESTYLE,4.7,20304,24,500000,Free,0.0,Everyone,Lifestyle
4231,Solitaire!,GAME,4.7,403911,23,10000000,Free,0.0,Everyone,Card
4242,"Fame Boom for Real Followers, Likes",SOCIAL,4.7,896118,6.6,5000000,Free,0.0,Everyone,Social
2805,"Moony Lab - Print Photos, Books & Magnets ‚Ñ¢",PHOTOGRAPHY,4.7,1320,9.5,50000,Free,0.0,Everyone,Photography
8396,Daily Horoscope,LIFESTYLE,4.7,407589,Varies with device,10000000,Free,0.0,Everyone,Lifestyle
5681,Neuvaine au Saint-Esprit,LIFESTYLE,4.7,57,5.8,10000,Free,0.0,Everyone,Lifestyle
4266,Harris J Lyrics,FAMILY,4.7,36,7.1,1000,Free,0.0,Everyone,Entertainment
9092,Dz Dinars Numbers to letters,PRODUCTIVITY,4.7,2807,9.8,100000,Free,0.0,Everyone,Productivity
703,Learn English with Wlingua,EDUCATION,4.7,314299,3.3,10000000,Free,0.0,Everyone,Education
701,English Communication - Learn English for Chinese (Learn English for Chinese),EDUCATION,4.7,2544,18,100000,Free,0.0,Everyone,Education
686,Girls Online Talk - Free Text and Video Chat,DATING,4.7,791,3.7,10000,Free,0.0,Mature 17+,Dating
5719,Kaspersky Mobile Antivirus: AppLock & Web Security,TOOLS,4.7,2598579,49,50000000,Free,0.0,Everyone,Tools
8462,"Quik ‚Äì Free Video Editor for photos, clips, music",VIDEO_PLAYERS,4.7,696665,91,10000000,Free,0.0,Everyone,Video Players & Editors
2145,Sworkit Kids - Fitness Meets Fun,FAMILY,4.7,9856,55,100000,Free,0.0,Everyone,Health & Fitness;Education
6035,BD Hospital's,FAMILY,4.7,12,2.3,100,Free,0.0,Everyone,Education
2141,Monica Toy TV,FAMILY,4.7,6188,49,500000,Free,0.0,Everyone 10+,Entertainment;Music & Video
8453,Fancy Pants Adventures,GAME,4.7,55952,61,1000000,Free,0.0,Everyone 10+,Arcade
2312,Doctor On Demand,MEDICAL,4.7,18674,Varies with device,1000000,Free,0.0,Everyone,Medical
699,Duolingo: Learn Languages Free,EDUCATION,4.7,6289924,Varies with device,100000000,Free,0.0,Everyone,Education;Education
689,LIVE VIDEO TALK,DATING,4.7,478,4.5,10000,Free,0.0,Mature 17+,Dating
34,I Creative Idea,ART_AND_DESIGN,4.7,353,4.2,10000,Free,0.0,Teen,Art & Design
692,Free Live Talk-Video Call,DATING,4.7,158,4.5,10000,Free,0.0,Mature 17+,Dating
38,PIP Camera - PIP Collage Maker,ART_AND_DESIGN,4.7,158,11,10000,Free,0.0,Everyone,Art & Design
4272,2048 BTS J Hope KPop Puzzle Game,FAMILY,4.7,17,2.4,1000,Free,0.0,Everyone,Puzzle
9095,CCP DZ : Fill out a check | Number in letters DZD,FINANCE,4.7,642,3.2,10000,Free,0.0,Everyone,Finance
4319,Korean Dungeon: K-Word 1000,GAME,4.7,703,40,10000,Free,0.0,Everyone 10+,Word
45,"Canva: Poster, banner, card maker & graphic design",ART_AND_DESIGN,4.7,174531,24,10000000,Free,0.0,Everyone,Art & Design
5648,Five Nights at Freddy's 3,GAME,4.7,27856,50,100000,Paid,2.99,Teen,Action
5646,Five Nights at Flappy's,GAME,4.7,4041,24,10000,Free,0.0,Everyone,Arcade
2343,Migraine Buddy - The Migraine and Headache tracker,MEDICAL,4.7,26862,30,500000,Free,0.0,Everyone,Medical
2806,"LALALAB prints your photos, photobooks and magnets",PHOTOGRAPHY,4.7,50424,82,1000000,Free,0.0,Everyone,Photography
3631,weather - weather forecast,WEATHER,4.7,11118,9.7,1000000,Free,0.0,Everyone,Weather
2091,Dog Run - Pet Dog Simulator,FAMILY,4.7,48701,24,10000000,Free,0.0,Everyone,Simulation;Action & Adventure
4301,Fuzzy Numbers: Pre-K Number Foundation,FAMILY,4.7,21,44,1000,Paid,5.99,Everyone,Education;Education
761,Learn Java,EDUCATION,4.7,52743,5.4,1000000,Free,0.0,Everyone,Education
762,Learn HTML,EDUCATION,4.7,61749,5.4,1000000,Free,0.0,Everyone,Education
764,Learn SQL,EDUCATION,4.7,19277,5.3,1000000,Free,0.0,Everyone,Education
2811,"Face Filter, Selfie Editor - Sweet Camera",PHOTOGRAPHY,4.7,142634,22,10000000,Free,0.0,Everyone,Photography
2349,Teach Me Anatomy,MEDICAL,4.7,9945,97,500000,Free,0.0,Everyone,Medical
2350,Baritastic - Bariatric Tracker,MEDICAL,4.7,4318,12,100000,Free,0.0,Everyone,Medical
8279,Driver Permit Test Prep DC DMV Driver's License Ed,FAMILY,4.7,78,11,5000,Free,0.0,Everyone,Education
9102,IRIS : Customer Service - DZ Algeria,TRAVEL_AND_LOCAL,4.7,57,7.0,1000,Free,0.0,Everyone,Travel & Local
8326,Digital Falak,TOOLS,4.7,3408,15,50000,Free,0.0,Everyone,Tools
8366,Krazy Coupon Lady,SHOPPING,4.7,10318,32,1000000,Free,0.0,Everyone,Shopping
5675,Australia Newspapers - AU News Apps,NEWS_AND_MAGAZINES,4.7,48,4.1,1000,Free,0.0,Everyone,News & Magazines
4276,BTS J-Hope Wallpaper KPOP Fans HD,PERSONALIZATION,4.7,98,3.4,10000,Free,0.0,Everyone,Personalization
2325,Ovia Parenting & Baby Development Tracker,MEDICAL,4.7,6185,38,100000,Free,0.0,Everyone,Medical
731,English words application mikan,EDUCATION,4.7,9888,Varies with device,500000,Free,0.0,Everyone,Education
3683,"Video Editor,Crop Video,Movie Video,Music,Effects",VIDEO_PLAYERS,4.7,53006,44,1000000,Free,0.0,Everyone,Video Players & Editors
9126,infirmiers,MEDICAL,4.7,125,23,10000,Free,0.0,Everyone,Medical
1486,Ruler,HOUSE_AND_HOME,4.7,126,1.9,10000,Free,0.0,Everyone,House & Home
736,English with Lingualeo,EDUCATION,4.7,254519,27,5000000,Free,0.0,Everyone,Education
737,"Learn languages, grammar & vocabulary with Memrise",EDUCATION,4.7,1107903,Varies with device,10000000,Free,0.0,Everyone,Education
2107,Ninja Dash - Ronin Jump RPG,FAMILY,4.7,8508,54,500000,Free,0.0,Everyone 10+,Arcade;Action & Adventure
8314,Anime Love Story Games: ‚ú®Shadowtime‚ú®,FAMILY,4.7,198480,82,5000000,Free,0.0,Everyone,Simulation
4706,V BTS Wallpaper,PERSONALIZATION,4.7,127,9.5,5000,Free,0.0,Everyone,Personalization
2151,Toca Life: City,FAMILY,4.7,31100,24,500000,Paid,3.99,Everyone,Education;Pretend Play
672,Chat Kids - Chat Room For Kids,DATING,4.7,6,4.9,100,Free,0.0,Mature 17+,Dating
2812,LightX Photo Editor & Photo Effects,PHOTOGRAPHY,4.7,259450,17,10000000,Free,0.0,Everyone,Photography
9024,Retro City Rampage DX,GAME,4.7,416,16,10000,Paid,2.99,Teen,Action
3840,Sygic Car Navigation,MAPS_AND_NAVIGATION,4.7,162049,48,5000000,Free,0.0,Everyone,Maps & Navigation
4004,All C Programs,FAMILY,4.7,2387,6.9,100000,Free,0.0,Everyone,Education
8706,Latest DP and Status Pro 2018,FAMILY,4.7,19,5.7,1000,Free,0.0,Everyone,Entertainment
8704,Instant DP Downloader for Instagram,SOCIAL,4.7,38,4.1,5000,Free,0.0,Everyone,Social
8701,DP and Status Images | All Latest Status 2018,LIFESTYLE,4.7,25,3.8,10000,Free,0.0,Teen,Lifestyle
4005,Clean Master- Space Cleaner & Antivirus,TOOLS,4.7,42916526,Varies with device,500000000,Free,0.0,Everyone,Tools
4011,Community by C Space,LIFESTYLE,4.7,707,26,5000,Free,0.0,Everyone,Lifestyle
8683,Profile pictures for WhatsApp,PERSONALIZATION,4.7,10786,9.4,500000,Free,0.0,Mature 17+,Personalization
10799,Fr Daoud Lamei,SOCIAL,4.7,2036,6.8,100000,Free,0.0,Everyone,Social
8673,that's lit,GAME,4.7,1115,39,100000,Free,0.0,Everyone,Arcade
4024,Learn Basic C - For Beginners,FAMILY,4.7,27,0.772,5000,Free,0.0,Everyone,Education
8912,Weather Forecast Pro,WEATHER,4.7,14051,8.7,100000,Paid,3.99,Everyone,Weather
2719,Nike,SHOPPING,4.7,67071,40,1000000,Free,0.0,Everyone,Shopping
8914,DU Collage Maker - Photo Collage & Grid & Layout,PHOTOGRAPHY,4.7,4595,2.5,100000,Free,0.0,Everyone,Photography
16,Photo Designer - Write your name with shapes,ART_AND_DESIGN,4.7,3632,5.5,500000,Free,0.0,Everyone,Art & Design
4002,C Offline Tutorial,BOOKS_AND_REFERENCE,4.7,88,4.2,1000,Free,0.0,Everyone,Books & Reference
1550,Blackpink as if it's your last,LIBRARIES_AND_DEMO,4.7,831,24,100000,Free,0.0,Everyone,Libraries & Demo
3941,Bible,BOOKS_AND_REFERENCE,4.7,2440695,Varies with device,100000000,Free,0.0,Teen,Books & Reference
8879,Riptide GP: Renegade,GAME,4.7,4328,Varies with device,100000,Paid,2.99,Everyone 10+,Racing
2,"U Launcher Lite ‚Äì FREE Live Cool Themes, Hide Apps",ART_AND_DESIGN,4.7,87510,8.7,5000000,Free,0.0,Everyone,Art & Design
5825,Axe Wallpaper,PERSONALIZATION,4.7,9,12,100,Free,0.0,Teen,Personalization
8793,Dr. Seuss's ABC,FAMILY,4.7,429,12,10000,Paid,3.99,Everyone,Books & Reference;Education
8893,WhatsVPN - Unlimited Free VPN,TOOLS,4.7,24985,7.8,500000,Free,0.0,Everyone,Tools
5881,Movie Downloader Torrent : Az Torrent,VIDEO_PLAYERS,4.7,70,14,1000,Free,0.0,Everyone,Video Players & Editors
5902,Arizona Trail,TRAVEL_AND_LOCAL,4.7,65,13,5000,Free,0.0,Everyone,Travel & Local
3993,C4droid - C/C++ compiler & IDE,FAMILY,4.7,2890,Varies with device,50000,Paid,2.99,Everyone,Education
9,Kids Paint Free - Drawing Fun,ART_AND_DESIGN,4.7,121,3.1,10000,Free,0.0,Everyone,Art & Design;Creativity
1555,Girls Nancy Ajram Without Net,LIBRARIES_AND_DEMO,4.7,2639,19,500000,Free,0.0,Everyone,Libraries & Demo
3850,Trucker Path ‚Äì Truck Stops & Weigh Stations,MAPS_AND_NAVIGATION,4.7,38375,49,1000000,Free,0.0,Everyone,Maps & Navigation
5922,Goody.ba,FAMILY,4.7,303,42,10000,Free,0.0,Everyone,Entertainment
10809,Castle Clash: RPG War and Strategy FR,FAMILY,4.7,376223,24,1000000,Free,0.0,Everyone,Strategy
5780,Anime Expo 2018,FAMILY,4.7,54,44,10000,Free,0.0,Everyone,Entertainment
5953,Elifba Quran Learning Game,FAMILY,4.7,1424,19,100000,Free,0.0,Everyone,Educational
8652,"Memory Helper - To do list, Notepad, Notes, Memo",PRODUCTIVITY,4.7,7566,4.0,500000,Free,0.0,Everyone,Productivity
8994,DW ŸÅÿßÿ±ÿ≥€å By dw-arab.com,NEWS_AND_MAGAZINES,4.7,11,4.4,1000,Free,0.0,Everyone,News & Magazines
5765,HCP Anywhere,BUSINESS,4.7,114,8.6,5000,Free,0.0,Everyone,Business
6013,BD Bank Interest,FINANCE,4.7,289,3.2,5000,Free,0.0,Everyone,Finance
622,Live Chat - Free Video Talk,DATING,4.7,14,21,5000,Free,0.0,Mature 17+,Dating
634,Online Chat Girls Meet,DATING,4.7,18,5.0,500,Free,0.0,Mature 17+,Dating
3742,"Breaking News, Local news, Attacks and Alerts Free",NEWS_AND_MAGAZINES,4.7,2543,6.3,500000,Free,0.0,Everyone,News & Magazines
2299,Navi Radiography Pro,MEDICAL,4.7,11,100,500,Paid,15.99,Everyone,Medical
8554,Daily DM,PERSONALIZATION,4.7,51,0.259,1000,Free,0.0,Everyone,Personalization
1524,Call Recorder,LIBRARIES_AND_DEMO,4.7,48,6.9,1000,Free,0.0,Everyone,Libraries & Demo
9003,News: RFI Hausa,NEWS_AND_MAGAZINES,4.7,10,6.3,1000,Free,0.0,Everyone,News & Magazines
8540,TorrDroid - Torrent Downloader,TOOLS,4.7,59632,10,1000000,Free,0.0,Everyone,Tools
3738,"Topbuzz: Breaking News, Videos & Funny GIFs",NEWS_AND_MAGAZINES,4.7,175110,25,10000000,Free,0.0,Mature 17+,News & Magazines
4079,Mobile Security & Antivirus,PRODUCTIVITY,4.7,564759,Varies with device,10000000,Free,0.0,Everyone,Productivity
26,Colorfit - Drawing & Coloring,ART_AND_DESIGN,4.7,20260,25,500000,Free,0.0,Everyone,Art & Design;Creativity
8511,Advanced Download Manager Pro,TOOLS,4.7,6505,2.0,50000,Paid,2.99,Everyone,Tools
24,HD Mickey Minnie Wallpapers,ART_AND_DESIGN,4.7,118,23,50000,Free,0.0,Everyone,Art & Design
22,Superheroes Wallpapers | 4K Backgrounds,ART_AND_DESIGN,4.7,7699,4.2,500000,Free,0.0,Everyone 10+,Art & Design
10796,Inf VPN - Global Proxy & Unlimited Free WIFI VPN,TOOLS,4.7,61445,7.8,1000000,Free,0.0,Everyone,Tools
5972,BC's Pizza,LIFESTYLE,4.7,113,20,1000,Free,0.0,Everyone,Lifestyle
2177,Tsuro - The Game of the Path,FAMILY,4.7,2195,37,10000,Paid,2.99,Everyone,Board;Brain Games
2176,Lanterns: The Harvest Festival,FAMILY,4.7,185,72,1000,Paid,4.99,Everyone,Board;Brain Games
8633,To Do List,PRODUCTIVITY,4.7,253155,3.5,5000000,Free,0.0,Everyone,Productivity
8624,Darkness Rises,FAMILY,4.7,456474,86,5000000,Free,0.0,Teen,Role Playing
8619,CritDice - Dice Roller,FAMILY,4.7,2910,5.3,50000,Free,0.0,Everyone,Entertainment
8618,Day Night Live Wallpaper (All),PERSONALIZATION,4.7,4856,18,50000,Paid,2.49,Everyone,Personalization
2281,OmniMedix Medical Calculator,MEDICAL,4.7,25,1.2,1000,Paid,4.99,Everyone,Medical
3776,The Guardian,NEWS_AND_MAGAZINES,4.7,247992,22,5000000,Free,0.0,Teen,News & Magazines
2168,Children Educational Game Full,FAMILY,4.7,30,Varies with device,1000,Paid,7.49,Everyone,Educational;Education
5973,Baby Connect (activity log),PARENTING,4.7,8343,8.3,50000,Paid,4.99,Everyone,Parenting
8922,Clean My Android,PRODUCTIVITY,4.7,101163,6.2,5000000,Free,0.0,Everyone,Productivity
1592,·Äû·Ä≠·ÄÑ·Ä∫·Äπ Astrology - Min Thein Kha BayDin,LIFESTYLE,4.7,2225,15,100000,Free,0.0,Everyone,Lifestyle
